mode,run_name,run_dir,session_id,plan_reject_count,planning_failure_count,answer_failure_count,infra_failure_count,other_failure_count,dominant_category,dominant_failure_type,stalled,empty_plan_count,first_error,text_success_attempt,text_success_observe_index,text_total_attempts_until_success,text_total_attempts_observed,text_observe_blocks,text_success_found,image_success_attempt,image_success_observe_index,image_total_attempts_until_success,image_total_attempts_observed,image_observe_blocks,image_success_found,category_planning_format,sample_planning_format,category_planning_completeness,sample_planning_completeness,category_planning_schema_key,sample_planning_schema_key,category_answer_option_mapping,sample_answer_option_mapping,category_answer_value_constraints,sample_answer_value_constraints,category_infra_or_transport,sample_infra_or_transport,category_other,sample_other
completion,run_1,C:\VSCode Workspace\Attention Agents\Agent\runs\survey_v1\minicpm-v-2_6\completion\run_1,13e1c71919d3549a3a2cebc7d85e9c17,15,12,3,0,0,planning_format,planning,True,5,"Completion mode requires answering all answerable items before navigation; missing keys: ['trust_coverage', 'mood_impact', 'age', 'follow_by_age', 'employment_status', 'watch_time', 'attention_text_mid', 'country_satisfaction', 'future_interest', 'favorite_moment']",,,,15,5,False,,,,0,0,False,8,"VLM did not return JSON array. Raw: Here is the plan to complete this survey: 1. Answer all answerable items before moving on. 2. Click ""Next"" after completing the page.  ### Plan  - **fill**: {""tool"":""fill"",""key"":""age"",",4,"Completion mode requires answering all answerable items before navigation; missing keys: ['trust_coverage', 'mood_impact', 'age', 'follow_by_age', 'employment_status', 'watch_time', 'attention_text_mid', 'country_satisfa",0,,2,"Select value must match ACTION_SPACE option: {'tool': 'select', 'key': 'attention_text_mid', 'value': 'Strongly agree'}",1,"Missing/invalid value for fill: {'tool': 'fill', 'key': 'age', 'value': ''}",0,,0,
completion,run_2,C:\VSCode Workspace\Attention Agents\Agent\runs\survey_v1\minicpm-v-2_6\completion\run_2,6a2ac23669cbb8fdb07f624ac129009f,15,5,10,0,0,answer_value_constraints,answer,True,5,"Missing/invalid value for fill: {'tool': 'fill', 'key': 'age', 'value': ''}",,,,15,5,False,,,,0,0,False,1,"Model output must be a JSON array, got: dict",4,"Completion mode requires answering all answerable items before navigation; missing keys: ['trust_coverage', 'mood_impact', 'follow_by_age', 'employment_status', 'watch_time', 'attention_text_mid', 'country_satisfaction',",0,,4,"Select value must match ACTION_SPACE option: {'tool': 'select', 'key': 'employment_status', 'value': 'not_much'}",6,"Missing/invalid value for fill: {'tool': 'fill', 'key': 'age', 'value': ''}",0,,0,
completion,run_3,C:\VSCode Workspace\Attention Agents\Agent\runs\survey_v1\minicpm-v-2_6\completion\run_3,1f152d8bdd1e4279cd309d6660b41a15,15,6,9,0,0,answer_value_constraints,answer,True,5,"Completion mode requires answering all answerable items before navigation; missing keys: ['trust_coverage', 'mood_impact', 'age', 'follow_by_age', 'employment_status', 'watch_time', 'attention_text_mid', 'country_satisfaction', 'future_interest', 'favorite_moment']",,,,15,5,False,,,,0,0,False,0,,6,"Completion mode requires answering all answerable items before navigation; missing keys: ['trust_coverage', 'mood_impact', 'age', 'follow_by_age', 'employment_status', 'watch_time', 'attention_text_mid', 'country_satisfa",0,,0,,9,"Number value below min constraint: {'tool': 'fill', 'key': 'age', 'value': '1'}",0,,0,
completion,run_4,C:\VSCode Workspace\Attention Agents\Agent\runs\survey_v1\minicpm-v-2_6\completion\run_4,20a988d4f2d10c38b7043c4df2bb8683,15,9,6,0,0,answer_value_constraints,planning,True,5,"Completion mode requires answering all answerable items before navigation; missing keys: ['trust_coverage', 'employment_status', 'attention_text_mid', 'country_satisfaction', 'future_interest', 'favorite_moment']",,,,15,5,False,,,,0,0,False,5,"VLM did not return JSON array. Raw: [   {""tool"": ""click"", ""key"": ""next""},   {     ""tool"": ""set_range"",     ""key"": ""watch_time"",     ""value"": 2.0,   },   {     ""tool"": ""select"",     ""key"": ""employment_status"",     ""value""",4,"Completion mode requires answering all answerable items before navigation; missing keys: ['trust_coverage', 'employment_status', 'attention_text_mid', 'country_satisfaction', 'future_interest', 'favorite_moment']",0,,0,,6,"Missing/invalid value for fill: {'tool': 'fill', 'key': 'age', 'value': ''}",0,,0,
completion,run_5,C:\VSCode Workspace\Attention Agents\Agent\runs\survey_v1\minicpm-v-2_6\completion\run_5,bb72f0786833d7043db6414f99baa710,15,11,4,0,0,planning_format,planning,True,5,"Each step must be an object, got: 'fill'",,,,15,5,False,,,,0,0,False,6,"Each step must be an object, got: 'fill'",5,"Completion mode requires answering all answerable items before navigation; missing keys: ['trust_coverage', 'age', 'follow_by_age', 'employment_status', 'watch_time', 'attention_text_mid', 'future_interest', 'favorite_mo",0,,0,,4,"Number value below min constraint: {'tool': 'fill', 'key': 'age', 'value': '1'}",0,,0,
completion,run_6,C:\VSCode Workspace\Attention Agents\Agent\runs\survey_v1\minicpm-v-2_6\completion\run_6,fcaa9301afd42df744530ef735442a46,15,7,8,0,0,answer_value_constraints,answer,True,5,"Completion mode requires answering all answerable items before navigation; missing keys: ['trust_coverage', 'mood_impact']",,,,15,5,False,,,,0,0,False,4,"Model output must be a JSON array, got: dict",3,"Completion mode requires answering all answerable items before navigation; missing keys: ['trust_coverage', 'mood_impact']",0,,0,,8,"Missing/invalid numeric value for set_range: {'tool': 'check', 'key': 'country_satisfaction', 'value': 'Strongly agree'}",0,,0,
completion,run_7,C:\VSCode Workspace\Attention Agents\Agent\runs\survey_v1\minicpm-v-2_6\completion\run_7,78fc37c856661f690548f3fad2d4cba3,15,7,8,0,0,answer_value_constraints,answer,True,5,"Completion mode requires answering all answerable items before navigation; missing keys: ['trust_coverage', 'mood_impact', 'age', 'follow_by_age', 'employment_status', 'watch_time', 'attention_text_mid', 'country_satisfaction', 'future_interest', 'favorite_moment']",,,,15,5,False,,,,0,0,False,2,"Model output must be a JSON array, got: dict",5,"Completion mode requires answering all answerable items before navigation; missing keys: ['trust_coverage', 'mood_impact', 'age', 'follow_by_age', 'employment_status', 'watch_time', 'attention_text_mid', 'country_satisfa",0,,0,,8,"Missing/invalid value for fill: {'tool': 'fill', 'key': 'age', 'value': ''}",0,,0,
completion,run_8,C:\VSCode Workspace\Attention Agents\Agent\runs\survey_v1\minicpm-v-2_6\completion\run_8,d49c4d8a97035aa173943f2552bcaa5e,15,8,7,0,0,answer_value_constraints,planning,True,5,"Completion mode requires answering all answerable items before navigation; missing keys: ['trust_coverage', 'mood_impact', 'employment_status', 'attention_text_mid', 'country_satisfaction', 'future_interest', 'favorite_moment']",,,,15,5,False,,,,0,0,False,2,"VLM did not return JSON array. Raw: The correct plan to complete the survey is as follows: 1. Answer question 1 with a valid age. 2. Select ""Strongly disagree"" in answerable item (5) of trust coverage and click on it if ",6,"Completion mode requires answering all answerable items before navigation; missing keys: ['trust_coverage', 'mood_impact', 'employment_status', 'attention_text_mid', 'country_satisfaction', 'future_interest', 'favorite_m",0,,1,"Select value must match ACTION_SPACE option: {'tool': 'select', 'key': 'employment_status', 'value': 'not_much'}",6,"Missing/invalid value for fill: {'tool': 'fill', 'key': 'age', 'value': ''}",0,,0,
completion,run_9,C:\VSCode Workspace\Attention Agents\Agent\runs\survey_v1\minicpm-v-2_6\completion\run_9,27ce7b8e2e1db91aa7e73718740a3865,15,14,1,0,0,planning_format,planning,True,5,"Missing/invalid numeric value for set_range: {'tool': 'select', 'key': 'watch_time', 'value': ''}",,,,15,5,False,,,,0,0,False,13,"VLM did not return JSON array. Raw: Here is the updated plan, addressing the validation feedback and ensuring all answerable items are included before any navigation actions:  1. Fill: {""tool"":""fill"",""key"":""age"",""value"":",1,"Completion mode requires answering all answerable items before navigation; missing keys: ['trust_coverage', 'mood_impact', 'follow_by_age', 'employment_status', 'watch_time', 'attention_text_mid', 'country_satisfaction',",0,,0,,1,"Missing/invalid numeric value for set_range: {'tool': 'select', 'key': 'watch_time', 'value': ''}",0,,0,
completion,run_10,C:\VSCode Workspace\Attention Agents\Agent\runs\survey_v1\minicpm-v-2_6\completion\run_10,1e47a971adadf09bdc693c8287741c78,15,10,5,0,0,planning_completeness,planning,True,5,"Completion mode requires answering all answerable items before navigation; missing keys: ['trust_coverage', 'mood_impact', 'age', 'follow_by_age', 'employment_status', 'watch_time', 'attention_text_mid', 'country_satisfaction', 'future_interest', 'favorite_moment']",,,,15,5,False,,,,0,0,False,2,"VLM did not return JSON array. Raw: [   {""tool"":""fill"",""key"":""age"",""value"":""1""},   {""tool"":""select"",""key"":""trust_coverage"",""value"":""Disagree""},   {""tool"":""check"",""key"":""mood_impact"",""value"":""Strongly disagree""},   {""tool",7,"Completion mode requires answering all answerable items before navigation; missing keys: ['trust_coverage', 'mood_impact', 'age', 'follow_by_age', 'employment_status', 'watch_time', 'attention_text_mid', 'country_satisfa",1,"Key not in ACTION_SPACE: {'tool': 'fill', 'key': '<field_key>', 'value': '<string>'}",0,,5,"Missing/invalid value for fill: {'tool': 'fill', 'key': 'age', 'value': ''}",0,,0,
completion,run_11,C:\VSCode Workspace\Attention Agents\Agent\runs\survey_v1\minicpm-v-2_6\completion\run_11,e76a02c2b386c8c72e6241eb1ff1e4c3,15,4,11,0,0,answer_value_constraints,answer,True,5,"Fill value for number field must be numeric: {'tool': 'select', 'key': 'age', 'value': '35-44'}",,,,15,5,False,,,,0,0,False,2,"Model output must be a JSON array, got: dict",2,"Completion mode requires answering all answerable items before navigation; missing keys: ['trust_coverage', 'mood_impact', 'follow_by_age', 'employment_status', 'watch_time', 'attention_text_mid', 'country_satisfaction',",0,,4,"Check value must match ACTION_SPACE option label/value: {'tool': 'select', 'key': 'mood_impact', 'value': 'Very closely'}",7,"Fill value for number field must be numeric: {'tool': 'select', 'key': 'age', 'value': '35-44'}",0,,0,
completion,run_12,C:\VSCode Workspace\Attention Agents\Agent\runs\survey_v1\minicpm-v-2_6\completion\run_12,6c7f430ec08fea09f09d118191263786,15,13,2,0,0,planning_format,planning,True,5,"Fill value for number field must be numeric: {'tool': 'select', 'key': 'age', 'value': '35-44'}",,,,15,5,False,,,,0,0,False,13,"VLM did not return JSON array. Raw: [{""tool"": ""fill"", ""key"": ""age"", ""value"": ""20-29""}, {""tool"": ""set_range"", ""key"": ""watch_time"", ""value"": 1.0}, {""tool"": ""select"", ""key"": ""follow_by_age"", ""value"": ""highlights_only""}, {""t",0,,0,,0,,2,"Fill value for number field must be numeric: {'tool': 'select', 'key': 'age', 'value': '35-44'}",0,,0,
completion,run_13,C:\VSCode Workspace\Attention Agents\Agent\runs\survey_v1\minicpm-v-2_6\completion\run_13,fbe93239c59325eebc54f63f58bf6bda,15,9,6,0,0,answer_value_constraints,planning,True,5,"Key not in ACTION_SPACE: {'tool': 'fill', 'key': 'q_age', 'value': '45'}",,,,15,5,False,,,,0,0,False,0,,5,"Completion mode requires answering all answerable items before navigation; missing keys: ['trust_coverage', 'age', 'follow_by_age', 'employment_status', 'watch_time', 'attention_text_mid', 'future_interest']",4,"Key not in ACTION_SPACE: {'tool': 'fill', 'key': 'q_age', 'value': '45'}",0,,6,"Missing/invalid value for fill: {'tool': 'fill', 'key': 'favorite_moment', 'value': ''}",0,,0,
completion,run_14,C:\VSCode Workspace\Attention Agents\Agent\runs\survey_v1\minicpm-v-2_6\completion\run_14,21e863492576eaeaba5be5fc00702083,15,8,7,0,0,answer_value_constraints,planning,True,5,"Number value below min constraint: {'tool': 'fill', 'key': 'age', 'value': '1'}",,,,15,5,False,,,,0,0,False,6,"VLM did not return JSON array. Raw: [ { ""tool"": ""set_range"", ""key"": ""watch_time"", ""value"": 3.0 }, { ""tool"": ""select"", ""key"": ""follow_by_age"", ""value"": ""highlights_only"" }, { ""tool"": ""fill"", ""key"": ""age"", ""value"": '1' }, ",2,"Completion mode requires answering all answerable items before navigation; missing keys: ['trust_coverage', 'mood_impact', 'follow_by_age', 'employment_status', 'watch_time', 'attention_text_mid', 'country_satisfaction',",0,,0,,7,"Number value below min constraint: {'tool': 'fill', 'key': 'age', 'value': '1'}",0,,0,
completion,run_15,C:\VSCode Workspace\Attention Agents\Agent\runs\survey_v1\minicpm-v-2_6\completion\run_15,d18036604e11ccdd90378c9b4f83563e,15,14,1,0,0,planning_schema_key,planning,True,5,"Key not in ACTION_SPACE: {'tool': 'set_range', 'key': 'q_watch_time', 'value': '6'}",,,,15,5,False,,,,0,0,False,0,,6,"Completion mode requires answering all answerable items before navigation; missing keys: ['trust_coverage', 'mood_impact', 'age', 'follow_by_age', 'employment_status', 'watch_time', 'attention_text_mid', 'country_satisfa",8,"Key not in ACTION_SPACE: {'tool': 'set_range', 'key': 'q_watch_time', 'value': '6'}",1,"Select value must match ACTION_SPACE option: {'tool': 'select', 'key': 'attention_text_mid', 'value': 'Strongly agree'}",0,,0,,0,
completion,run_16,C:\VSCode Workspace\Attention Agents\Agent\runs\survey_v1\minicpm-v-2_6\completion\run_16,cc0bc1d2f5089286ceaa3beb4a26e302,15,13,2,0,0,planning_format,planning,True,5,"Fill value for number field must be numeric: {'tool': 'select', 'key': 'age', 'value': '45-64'}",,,,15,5,False,,,,0,0,False,11,"Model output must be a JSON array, got: dict",2,"Completion mode requires answering all answerable items before navigation; missing keys: ['trust_coverage', 'mood_impact', 'follow_by_age', 'employment_status', 'watch_time', 'attention_text_mid', 'country_satisfaction',",0,,0,,2,"Fill value for number field must be numeric: {'tool': 'select', 'key': 'age', 'value': '45-64'}",0,,0,
completion,run_17,C:\VSCode Workspace\Attention Agents\Agent\runs\survey_v1\minicpm-v-2_6\completion\run_17,7b17c1cf71cb5c1c3dda886964fe45a0,15,13,2,0,0,planning_completeness,planning,True,5,"Completion mode requires answering all answerable items before navigation; missing keys: ['trust_coverage', 'mood_impact', 'age', 'follow_by_age', 'employment_status', 'watch_time', 'attention_text_mid', 'country_satisfaction', 'future_interest', 'favorite_moment']",,,,15,5,False,,,,0,0,False,6,"VLM did not return JSON array. Raw: [   {""tool"": ""fill"", ""key"": ""age"", ""value"": ""1""},   {""tool"": ""select"", ""key"": ""follow_by_age"", ""value"": ""highlights_only""},   {""tool"": ""check"", ""key"": ""trust_coverage"", ""value"": ""Stron",6,"Completion mode requires answering all answerable items before navigation; missing keys: ['trust_coverage', 'mood_impact', 'age', 'follow_by_age', 'employment_status', 'watch_time', 'attention_text_mid', 'country_satisfa",1,"Key not in ACTION_SPACE: {'tool': 'fill', 'key': '<field_key>', 'value': '<string>'}",1,"Check value must match ACTION_SPACE option label/value: {'tool': 'set_range', 'key': 'mood_impact', 'value': '6.0'}",1,"Number value below min constraint: {'tool': 'fill', 'key': 'age', 'value': '1'}",0,,0,
completion,run_18,C:\VSCode Workspace\Attention Agents\Agent\runs\survey_v1\minicpm-v-2_6\completion\run_18,0594cae7d7e55ce70b1874db3e8050f3,15,12,3,0,0,planning_format,planning,True,5,"Completion mode requires answering all answerable items before navigation; missing keys: ['trust_coverage', 'mood_impact', 'employment_status', 'attention_text_mid', 'country_satisfaction', 'future_interest', 'favorite_moment']",,,,15,5,False,,,,0,0,False,11,"VLM did not return JSON array. Raw: [{""tool"": ""set_range"", ""key"": ""watch_time"", ""value"": 3.5}, {""tool"": ""select"", ""key"": ""attention_text_mid"", ""value"": ""somewhat""}, {""tool"": ""fill"", ""key"": ""age"", ""value"": '10'}, {""tool"":",1,"Completion mode requires answering all answerable items before navigation; missing keys: ['trust_coverage', 'mood_impact', 'employment_status', 'attention_text_mid', 'country_satisfaction', 'future_interest', 'favorite_m",0,,1,"Select value must match ACTION_SPACE option: {'tool': 'fill', 'key': 'attention_text_mid', 'value': 'strongly agree'}",2,"Number value below min constraint: {'tool': 'fill', 'key': 'age', 'value': '10'}",0,,0,
completion,run_19,C:\VSCode Workspace\Attention Agents\Agent\runs\survey_v1\minicpm-v-2_6\completion\run_19,2d9ea99245e757a05129144b5bdb158e,15,14,1,0,0,planning_completeness,planning,True,5,"Completion mode requires answering all answerable items before navigation; missing keys: ['trust_coverage', 'mood_impact', 'age', 'follow_by_age', 'employment_status', 'watch_time', 'attention_text_mid', 'country_satisfaction', 'future_interest', 'favorite_moment']",,,,15,5,False,,,,0,0,False,6,"VLM did not return JSON array. Raw: [{""tool"":""set_range"",""key"":""q_watch_time"",""value"":1}] [{""tool"":""select"",""key"":""q_follow_by_age"",""value"":""highlights_only""}]",6,"Completion mode requires answering all answerable items before navigation; missing keys: ['trust_coverage', 'mood_impact', 'age', 'follow_by_age', 'employment_status', 'watch_time', 'attention_text_mid', 'country_satisfa",2,"Key not in ACTION_SPACE: {'tool': 'set_range', 'key': 'q_watch_time', 'value': 1}",0,,1,"Number value below min constraint: {'tool': 'fill', 'key': 'age', 'value': '1'}",0,,0,
completion,run_20,C:\VSCode Workspace\Attention Agents\Agent\runs\survey_v1\minicpm-v-2_6\completion\run_20,0bfe53e0c522583cb6c1e808438684d8,15,10,5,0,0,planning_completeness,planning,True,5,"Completion mode requires answering all answerable items before navigation; missing keys: ['trust_coverage', 'mood_impact', 'age', 'follow_by_age', 'employment_status', 'watch_time', 'attention_text_mid', 'country_satisfaction', 'future_interest', 'favorite_moment']",,,,15,5,False,,,,0,0,False,1,"VLM did not return JSON array. Raw: [   {""tool"": ""click"", ""key"": ""next""},   {     ""tool"": ""select"",     ""key"": ""follow_by_age"",     ""value"": ""very_closely""   },   {     ""tool"": ""select"",     ""key"": ""employment_status"",  ",6,"Completion mode requires answering all answerable items before navigation; missing keys: ['trust_coverage', 'mood_impact', 'age', 'follow_by_age', 'employment_status', 'watch_time', 'attention_text_mid', 'country_satisfa",3,"Key not in ACTION_SPACE: {'tool': 'fill', 'key': '<field_key>', 'value': '<string>'}",1,"Select value must match ACTION_SPACE option: {'tool': 'fill', 'key': 'attention_text_mid', 'value': 'Strongly agree'}",4,"Missing/invalid value for fill: {'tool': 'fill', 'key': 'age', 'value': ''}",0,,0,
completion,run_21,C:\VSCode Workspace\Attention Agents\Agent\runs\survey_v1\minicpm-v-2_6\completion\run_21,c6682226f39ecf7cf78b9152ec97af88,15,6,9,0,0,answer_value_constraints,answer,True,5,"Key not in ACTION_SPACE: {'tool': 'select', 'key': '<field_key>', 'value': '1'}",,,,15,5,False,,,,0,0,False,2,"Model output must be a JSON array, got: dict",3,"Completion mode requires answering all answerable items before navigation; missing keys: ['trust_coverage', 'mood_impact', 'age', 'follow_by_age', 'employment_status', 'watch_time', 'attention_text_mid', 'country_satisfa",1,"Key not in ACTION_SPACE: {'tool': 'select', 'key': '<field_key>', 'value': '1'}",4,"Select value must match ACTION_SPACE option: {'tool': 'select', 'key': 'future_interest', 'value': 'Strongly likely'}",5,"Number value below min constraint: {'tool': 'fill', 'key': 'age', 'value': '1'}",0,,0,
completion,run_22,C:\VSCode Workspace\Attention Agents\Agent\runs\survey_v1\minicpm-v-2_6\completion\run_22,35ed60e3f76fe5925e8b74332ffcab73,15,9,6,0,0,planning_completeness,planning,True,5,"Completion mode requires answering all answerable items before navigation; missing keys: ['trust_coverage', 'mood_impact', 'age', 'follow_by_age', 'employment_status', 'watch_time', 'attention_text_mid', 'country_satisfaction', 'future_interest', 'favorite_moment']",,,,15,5,False,,,,0,0,False,1,"Model output must be a JSON array, got: dict",6,"Completion mode requires answering all answerable items before navigation; missing keys: ['trust_coverage', 'mood_impact', 'age', 'follow_by_age', 'employment_status', 'watch_time', 'attention_text_mid', 'country_satisfa",2,"Key not in ACTION_SPACE: {'tool': 'fill', 'key': '<field_key>', 'value': '<string>'}",1,"Check value must match ACTION_SPACE option label/value: {'tool': 'select', 'key': 'mood_impact', 'value': 'Somewhat'}",5,"Number value below min constraint: {'tool': 'fill', 'key': 'age', 'value': '1'}",0,,0,
completion,run_23,C:\VSCode Workspace\Attention Agents\Agent\runs\survey_v1\minicpm-v-2_6\completion\run_23,0f452f9d53f7d7d3521c8e8151b865f8,15,11,4,0,0,planning_completeness,planning,True,5,"Completion mode requires answering all answerable items before navigation; missing keys: ['trust_coverage', 'mood_impact', 'age', 'follow_by_age', 'employment_status', 'watch_time', 'attention_text_mid', 'country_satisfaction', 'future_interest', 'favorite_moment']",,,,15,5,False,,,,0,0,False,2,"Model output must be a JSON array, got: dict",9,"Completion mode requires answering all answerable items before navigation; missing keys: ['trust_coverage', 'mood_impact', 'age', 'follow_by_age', 'employment_status', 'watch_time', 'attention_text_mid', 'country_satisfa",0,,0,,4,"Missing/invalid value for fill: {'tool': 'fill', 'key': 'age', 'value': ''}",0,,0,
completion,run_24,C:\VSCode Workspace\Attention Agents\Agent\runs\survey_v1\minicpm-v-2_6\completion\run_24,b51d8bd9113096a166a30254b8bdad88,15,7,8,0,0,answer_value_constraints,answer,True,5,"Completion mode requires answering all answerable items before navigation; missing keys: ['trust_coverage', 'mood_impact', 'age', 'follow_by_age', 'employment_status', 'watch_time', 'attention_text_mid', 'country_satisfaction', 'future_interest', 'favorite_moment']",,,,15,5,False,,,,0,0,False,2,"VLM did not return JSON array. Raw: [   {""tool"":""fill"",""key"":""<field_key>"",""value"":""<string>""},   {""tool"":""select"",""key"":""<field_key>"",""value"":""<option_value>""},   {""tool"":""check"",""key"":""<field_key>"",""value"":""<option_lab",5,"Completion mode requires answering all answerable items before navigation; missing keys: ['trust_coverage', 'mood_impact', 'age', 'follow_by_age', 'employment_status', 'watch_time', 'attention_text_mid', 'country_satisfa",0,,2,"Check value must match ACTION_SPACE option label/value: {'tool': 'select', 'key': 'mood_impact', 'value': 'Very closely'}",6,"Missing/invalid numeric value for set_range: {'tool': 'select', 'key': 'country_satisfaction', 'value': 'likely'}",0,,0,
completion,run_25,C:\VSCode Workspace\Attention Agents\Agent\runs\survey_v1\minicpm-v-2_6\completion\run_25,f4ef787b1de5a55c90df269cd25b23e6,15,9,6,0,0,planning_format,planning,True,5,"Completion mode requires answering all answerable items before navigation; missing keys: ['trust_coverage', 'mood_impact', 'employment_status', 'watch_time', 'attention_text_mid', 'country_satisfaction', 'future_interest', 'favorite_moment']",,,,15,5,False,,,,0,0,False,7,"VLM did not return JSON array. Raw: Based on the provided schema and validation feedback, here is a plan to complete the survey:  1. Fill in your age: {""tool"":""fill"",""key"":""age"",""value"":""[your_age]""} 2. Select ""Strongly ",2,"Completion mode requires answering all answerable items before navigation; missing keys: ['trust_coverage', 'mood_impact', 'employment_status', 'watch_time', 'attention_text_mid', 'country_satisfaction', 'future_interest",0,,0,,6,"Fill value for number field must be numeric: {'tool': 'fill', 'key': 'age', 'value': '[your_age]'}",0,,0,
completion,run_26,C:\VSCode Workspace\Attention Agents\Agent\runs\survey_v1\minicpm-v-2_6\completion\run_26,38710d2b76aa2172fb9bce7d763c4856,15,8,7,0,0,planning_completeness,planning,True,5,"Completion mode requires answering all answerable items before navigation; missing keys: ['trust_coverage', 'mood_impact', 'follow_by_age', 'employment_status', 'watch_time', 'attention_text_mid', 'country_satisfaction', 'future_interest', 'favorite_moment']",,,,15,5,False,,,,0,0,False,0,,8,"Completion mode requires answering all answerable items before navigation; missing keys: ['trust_coverage', 'mood_impact', 'follow_by_age', 'employment_status', 'watch_time', 'attention_text_mid', 'country_satisfaction',",0,,1,"Select value must match ACTION_SPACE option: {'tool': 'check', 'key': 'attention_text_mid', 'value': 'Strongly agree'}",6,"Missing/invalid value for fill: {'tool': 'fill', 'key': 'age', 'value': ''}",0,,0,
completion,run_27,C:\VSCode Workspace\Attention Agents\Agent\runs\survey_v1\minicpm-v-2_6\completion\run_27,7cebf9dc13330696e655fd6042318f46,15,11,4,0,0,planning_completeness,planning,True,5,"VLM did not return JSON array. Raw:
[
""fill"",
{""tool"":""fill"",""key"":""age"",""value"":""35""}
],
{
""tool"":""select"",
""key"":""follow_by_age"",
""value"":""highlights_only""
},
{
""tool"":""click"",
""key"":""next""
}]",,,,15,5,False,,,,0,0,False,4,"VLM did not return JSON array. Raw: [ ""fill"", {""tool"":""fill"",""key"":""age"",""value"":""35""} ], { ""tool"":""select"", ""key"":""follow_by_age"", ""value"":""highlights_only"" }, { ""tool"":""click"", ""key"":""next"" }]",7,"Completion mode requires answering all answerable items before navigation; missing keys: ['trust_coverage', 'mood_impact', 'employment_status', 'watch_time', 'attention_text_mid', 'country_satisfaction', 'future_interest",0,,1,"Select value must match ACTION_SPACE option: {'tool': 'select', 'key': 'future_interest', 'value': 'strongly_likely'}",3,"Number value below min constraint: {'tool': 'fill', 'key': 'age', 'value': '1'}",0,,0,
completion,run_28,C:\VSCode Workspace\Attention Agents\Agent\runs\survey_v1\minicpm-v-2_6\completion\run_28,51be6484ae75cbc532af202d7c7347cc,15,8,7,0,0,answer_value_constraints,planning,True,5,"Completion mode requires answering all answerable items before navigation; missing keys: ['trust_coverage', 'mood_impact', 'age', 'follow_by_age', 'employment_status', 'watch_time', 'attention_text_mid', 'country_satisfaction', 'future_interest', 'favorite_moment']",,,,15,5,False,,,,0,0,False,2,"VLM did not return JSON array. Raw: [{""tool"": ""select"", ""key"": ""future_interest"", ""value"": ""strongly_likely""}, {""tool"": ""set_range"", ""key"": ""age"", ""value"": 1}, {""tool"": ""fill"", ""key"": ""trust_coverage"", ""value"": ""Strongly",6,"Completion mode requires answering all answerable items before navigation; missing keys: ['trust_coverage', 'mood_impact', 'age', 'follow_by_age', 'employment_status', 'watch_time', 'attention_text_mid', 'country_satisfa",0,,1,"Select value must match ACTION_SPACE option: {'tool': 'select', 'key': 'future_interest', 'value': 'strongly_likely'}",6,"Number value below min constraint: {'tool': 'fill', 'key': 'age', 'value': '1'}",0,,0,
completion,run_29,C:\VSCode Workspace\Attention Agents\Agent\runs\survey_v1\minicpm-v-2_6\completion\run_29,779c1772cb3cb588d43a9264e726323b,15,10,5,0,0,planning_format,planning,True,5,"Completion mode requires answering all answerable items before navigation; missing keys: ['trust_coverage', 'mood_impact', 'age', 'follow_by_age', 'employment_status', 'watch_time', 'attention_text_mid', 'country_satisfaction', 'future_interest', 'favorite_moment']",,,,15,5,False,,,,0,0,False,6,"Model output must be a JSON array, got: dict",3,"Completion mode requires answering all answerable items before navigation; missing keys: ['trust_coverage', 'mood_impact', 'age', 'follow_by_age', 'employment_status', 'watch_time', 'attention_text_mid', 'country_satisfa",1,"Key not in ACTION_SPACE: {'tool': 'fill', 'key': '<field_key>', 'value': '<string>'}",0,,5,"Number value below min constraint: {'tool': 'fill', 'key': 'age', 'value': '10'}",0,,0,
completion,run_30,C:\VSCode Workspace\Attention Agents\Agent\runs\survey_v1\minicpm-v-2_6\completion\run_30,6716f8f8702fc8c2afc907db6b09f481,15,13,2,0,0,planning_completeness,planning,True,5,"Key not in ACTION_SPACE: {'tool': 'set_range', 'key': 'q_watch_time', 'value': 3.5}",,,,15,5,False,,,,0,0,False,0,,7,"Completion mode requires answering all answerable items before navigation; missing keys: ['trust_coverage', 'mood_impact', 'age', 'follow_by_age', 'employment_status', 'watch_time', 'attention_text_mid', 'country_satisfa",6,"Key not in ACTION_SPACE: {'tool': 'set_range', 'key': 'q_watch_time', 'value': 3.5}",2,"Select value must match ACTION_SPACE option: {'tool': 'fill', 'key': 'attention_text_mid', 'value': 'Strongly disagree'}",0,,0,,0,
completion,run_31,C:\VSCode Workspace\Attention Agents\Agent\runs\survey_v1\minicpm-v-2_6\completion\run_31,1d328c0c260c54068ec4166b7850f245,15,13,2,0,0,planning_completeness,planning,True,5,"Completion mode requires answering all answerable items before navigation; missing keys: ['trust_coverage', 'mood_impact', 'age', 'follow_by_age', 'employment_status', 'watch_time', 'attention_text_mid', 'country_satisfaction', 'future_interest', 'favorite_moment']",,,,15,5,False,,,,0,0,False,4,"Model output must be a JSON array, got: dict",8,"Completion mode requires answering all answerable items before navigation; missing keys: ['trust_coverage', 'mood_impact', 'age', 'follow_by_age', 'employment_status', 'watch_time', 'attention_text_mid', 'country_satisfa",1,"Key not in ACTION_SPACE: {'tool': 'fill', 'key': '<field_key>', 'value': '<string>'}",1,"Select value must match ACTION_SPACE option: {'tool': 'select', 'key': 'attention_text_mid', 'value': 'Strongly agree'}",1,"Missing/invalid value for fill: {'tool': 'fill', 'key': 'age', 'value': ''}",0,,0,
completion,run_32,C:\VSCode Workspace\Attention Agents\Agent\runs\survey_v1\minicpm-v-2_6\completion\run_32,8ac9a9c00eb4a959ba367fcad9702e19,15,9,6,0,0,planning_completeness,planning,True,5,"Completion mode requires answering all answerable items before navigation; missing keys: ['trust_coverage', 'mood_impact', 'follow_by_age', 'employment_status', 'watch_time', 'attention_text_mid', 'country_satisfaction', 'future_interest', 'favorite_moment']",,,,15,5,False,,,,0,0,False,2,"VLM did not return JSON array. Raw: [   {     ""tool"": ""set_range"",     ""key"": ""watch_time"",     ""value"": ""4""   },   {     ""tool"": ""select"",     ""key"": ""follow_by_age"",     ""value"": ""highlights_only""   },   {     ""tool"": ",7,"Completion mode requires answering all answerable items before navigation; missing keys: ['trust_coverage', 'mood_impact', 'follow_by_age', 'employment_status', 'watch_time', 'attention_text_mid', 'country_satisfaction',",0,,1,"Select value must match ACTION_SPACE option: {'tool': 'set_range', 'key': 'attention_text_mid', 'value': 'Neutral'}",5,"Number value below min constraint: {'tool': 'fill', 'key': 'age', 'value': '10'}",0,,0,
completion,run_33,C:\VSCode Workspace\Attention Agents\Agent\runs\survey_v1\minicpm-v-2_6\completion\run_33,3896b02190e8e58ee75ceece72479c82,15,10,5,0,0,planning_format,planning,True,5,"Completion mode requires answering all answerable items before navigation; missing keys: ['trust_coverage', 'mood_impact', 'age', 'follow_by_age', 'employment_status', 'watch_time', 'attention_text_mid', 'country_satisfaction', 'future_interest', 'favorite_moment']",,,,15,5,False,,,,0,0,False,6,"Model output must be a JSON array, got: dict",4,"Completion mode requires answering all answerable items before navigation; missing keys: ['trust_coverage', 'mood_impact', 'age', 'follow_by_age', 'employment_status', 'watch_time', 'attention_text_mid', 'country_satisfa",0,,1,"Select value must match ACTION_SPACE option: {'tool': 'click', 'key': 'follow_by_age'}",4,"Missing/invalid value for fill: {'tool': 'fill', 'key': 'age', 'value': ''}",0,,0,
completion,run_34,C:\VSCode Workspace\Attention Agents\Agent\runs\survey_v1\minicpm-v-2_6\completion\run_34,c5d0e6c591f2da276126a4e3bc620005,15,9,6,0,0,planning_completeness,planning,True,5,"Completion mode requires answering all answerable items before navigation; missing keys: ['trust_coverage', 'mood_impact']",,,,15,5,False,,,,0,0,False,3,"VLM did not return JSON array. Raw: [{""tool"": ""click"", ""key"": ""next""}, {""tool"": ""select"", ""key"": ""attention_text_mid"", ""value"": ""Strongly agree""}, {""tool"": ""set_range"", ""key"": ""country_satisfaction"", ""value"": 5.0}, {""too",6,"Completion mode requires answering all answerable items before navigation; missing keys: ['trust_coverage', 'mood_impact']",0,,1,"Select value must match ACTION_SPACE option: {'tool': 'select', 'key': 'attention_text_mid', 'value': 'Strongly agree'}",5,"Missing/invalid value for fill: {'tool': 'fill', 'key': 'age', 'value': ''}",0,,0,
completion,run_35,C:\VSCode Workspace\Attention Agents\Agent\runs\survey_v1\minicpm-v-2_6\completion\run_35,fa92adc7db68e86861f73f1cbb94183f,15,10,5,0,0,planning_format,planning,True,5,"Key not in ACTION_SPACE: {'tool': 'select', 'key': '<field_key>', 'value': '<option_value>'}",,,,15,5,False,,,,0,0,False,5,"VLM did not return JSON array. Raw: Based on the provided validation feedback and ACTION_SPACE details, here is a revised plan for answering all required items before navigation:  1. Answer ""Strongly disagree"" to trust c",4,"Completion mode requires answering all answerable items before navigation; missing keys: ['trust_coverage', 'mood_impact', 'age', 'attention_text_mid', 'country_satisfaction', 'favorite_moment']",1,"Key not in ACTION_SPACE: {'tool': 'select', 'key': '<field_key>', 'value': '<option_value>'}",4,"Select value must match ACTION_SPACE option: {'tool': 'select', 'key': 'future_interest', 'value': 'Strongly agree'}",1,"Number value below min constraint: {'tool': 'fill', 'key': 'age', 'value': '1'}",0,,0,
completion,run_36,C:\VSCode Workspace\Attention Agents\Agent\runs\survey_v1\minicpm-v-2_6\completion\run_36,e1208ed4ef9ec5493b7e6667f0616ab9,15,13,2,0,0,planning_format,planning,True,5,"Completion mode requires answering all answerable items before navigation; missing keys: ['trust_coverage', 'mood_impact', 'age', 'follow_by_age', 'employment_status', 'watch_time', 'attention_text_mid', 'country_satisfaction', 'future_interest', 'favorite_moment']",,,,15,5,False,,,,0,0,False,11,"VLM did not return JSON array. Raw: [   {""tool"": ""set_range"", ""key"": ""watch_time"", ""value"": 2.5},   {""tool"": ""check"", ""key"": ""follow_by_age"", ""value"": ""highlights_only""},   {""tool"": ""select"", ""key"": ""employment_status"", ",2,"Completion mode requires answering all answerable items before navigation; missing keys: ['trust_coverage', 'mood_impact', 'age', 'follow_by_age', 'employment_status', 'watch_time', 'attention_text_mid', 'country_satisfa",0,,0,,2,"Missing/invalid value for fill: {'tool': 'fill', 'key': 'age', 'value': ''}",0,,0,
completion,run_37,C:\VSCode Workspace\Attention Agents\Agent\runs\survey_v1\minicpm-v-2_6\completion\run_37,c0d9ddf18c176289ebb681ca48fa8f1d,15,12,3,0,0,planning_format,planning,True,5,"Completion mode requires answering all answerable items before navigation; missing keys: ['trust_coverage', 'mood_impact', 'age', 'follow_by_age', 'employment_status', 'watch_time', 'attention_text_mid', 'country_satisfaction', 'future_interest', 'favorite_moment']",,,,15,5,False,,,,0,0,False,6,"VLM did not return JSON array. Raw: Based on the provided information, here is a JSON array of action intents to complete the survey: ```json [   {""tool"":""fill"",""key"":""<field_key>"",""value"":""<string>""},   {""tool"":""select""",3,"Completion mode requires answering all answerable items before navigation; missing keys: ['trust_coverage', 'mood_impact', 'age', 'follow_by_age', 'employment_status', 'watch_time', 'attention_text_mid', 'country_satisfa",3,"Key not in ACTION_SPACE: {'tool': 'select', 'key': '<field_key>', 'value': '1'}",0,,3,"Missing/invalid value for fill: {'tool': 'fill', 'key': 'age', 'value': ''}",0,,0,
completion,run_38,C:\VSCode Workspace\Attention Agents\Agent\runs\survey_v1\minicpm-v-2_6\completion\run_38,e928e3020630379a25bbcc782555c424,15,10,5,0,0,planning_format,planning,True,5,"Completion mode requires answering all answerable items before navigation; missing keys: ['trust_coverage', 'mood_impact', 'age', 'follow_by_age', 'employment_status', 'watch_time', 'attention_text_mid', 'country_satisfaction', 'future_interest', 'favorite_moment']",,,,15,5,False,,,,0,0,False,6,VLM did not return JSON array. Raw: Here is the plan for completing this survey:  1. Fill in your age (using a number from 1 to 10). 2. Select how closely you followed people of your age group during the most recent Wint,4,"Completion mode requires answering all answerable items before navigation; missing keys: ['trust_coverage', 'mood_impact', 'age', 'follow_by_age', 'employment_status', 'watch_time', 'attention_text_mid', 'country_satisfa",0,,1,"Select value must match ACTION_SPACE option: {'tool': 'select', 'key': 'follow_by_age', 'value': 'Strongly disagree'}",4,"Missing/invalid value for fill: {'tool': 'fill', 'key': 'age', 'value': ''}",0,,0,
completion,run_39,C:\VSCode Workspace\Attention Agents\Agent\runs\survey_v1\minicpm-v-2_6\completion\run_39,0dad8627cc11ccd731b084c5a9e60257,15,11,4,0,0,planning_completeness,planning,True,5,"Completion mode requires answering all answerable items before navigation; missing keys: ['trust_coverage', 'mood_impact', 'age', 'follow_by_age', 'employment_status', 'watch_time', 'attention_text_mid', 'country_satisfaction', 'future_interest', 'favorite_moment']",,,,15,5,False,,,,0,0,False,3,"Model output must be a JSON array, got: dict",8,"Completion mode requires answering all answerable items before navigation; missing keys: ['trust_coverage', 'mood_impact', 'age', 'follow_by_age', 'employment_status', 'watch_time', 'attention_text_mid', 'country_satisfa",0,,0,,4,"Missing/invalid value for fill: {'tool': 'fill', 'key': 'age', 'value': ''}",0,,0,
completion,run_40,C:\VSCode Workspace\Attention Agents\Agent\runs\survey_v1\minicpm-v-2_6\completion\run_40,88333800316e52f462390056bab1ee6a,15,12,3,0,0,planning_completeness,planning,True,5,"Completion mode requires answering all answerable items before navigation; missing keys: ['trust_coverage', 'mood_impact', 'age', 'follow_by_age', 'employment_status', 'watch_time', 'attention_text_mid', 'country_satisfaction', 'future_interest', 'favorite_moment']",,,,15,5,False,,,,0,0,False,3,"VLM did not return JSON array. Raw: [   {     ""tool"": ""set_range"",     ""key"": ""watch_time"",     ""value"": """"   },   {     ""tool"": ""select"",     ""key"": ""employment_status"",     ""value"": ""full\_time""   },   {     ""tool"": ""f",9,"Completion mode requires answering all answerable items before navigation; missing keys: ['trust_coverage', 'mood_impact', 'age', 'follow_by_age', 'employment_status', 'watch_time', 'attention_text_mid', 'country_satisfa",0,,0,,3,"Number value below min constraint: {'tool': 'fill', 'key': 'age', 'value': '1'}",0,,0,
completion,run_41,C:\VSCode Workspace\Attention Agents\Agent\runs\survey_v1\minicpm-v-2_6\completion\run_41,5c2aa8ed2e0d5795ced57b3aea966376,15,10,5,0,0,planning_format,planning,True,5,"Completion mode requires answering all answerable items before navigation; missing keys: ['trust_coverage', 'mood_impact', 'follow_by_age', 'employment_status', 'watch_time', 'attention_text_mid', 'country_satisfaction', 'future_interest', 'favorite_moment']",,,,15,5,False,,,,0,0,False,7,"VLM did not return JSON array. Raw: [{""tool"": ""select"", ""key"": ""trust_coverage"", ""value"": ""Neutral""}, {""tool"": ""check"", ""key"": ""mood_impact"", ""value"": ""Strongly agree""}, {""tool"": ""fill"", ""key"": ""age"", ""value"": ""18""}, {""t",2,"Completion mode requires answering all answerable items before navigation; missing keys: ['trust_coverage', 'mood_impact', 'follow_by_age', 'employment_status', 'watch_time', 'attention_text_mid', 'country_satisfaction',",1,"Key not in ACTION_SPACE: {'tool': 'select', 'key': '<field_key>', 'value': '1'}",5,"Select value must match ACTION_SPACE option: {'tool': 'fill', 'key': 'attention_text_mid', 'value': 'neutral'}",0,,0,,0,
completion,run_42,C:\VSCode Workspace\Attention Agents\Agent\runs\survey_v1\minicpm-v-2_6\completion\run_42,3c0f502d1478fc2ba3c07dfaaa001a32,15,15,0,0,0,planning_schema_key,planning,True,5,"Key not in ACTION_SPACE: {'tool': 'set_range', 'key': 'q_watch_time', 'value': '5'}",,,,15,5,False,,,,0,0,False,7,"Model output must be a JSON array, got: dict",1,"Completion mode requires answering all answerable items before navigation; missing keys: ['trust_coverage', 'mood_impact', 'attention_text_mid', 'country_satisfaction', 'future_interest', 'favorite_moment']",7,"Key not in ACTION_SPACE: {'tool': 'set_range', 'key': 'q_watch_time', 'value': '5'}",0,,0,,0,,0,
completion,run_43,C:\VSCode Workspace\Attention Agents\Agent\runs\survey_v1\minicpm-v-2_6\completion\run_43,cfdcc998d3afa8e097a824f11296e01a,15,7,8,0,0,answer_value_constraints,answer,True,5,"Number value below min constraint: {'tool': 'fill', 'key': 'age', 'value': '1'}",,,,15,5,False,,,,0,0,False,4,"Model output must be a JSON array, got: dict",3,"Completion mode requires answering all answerable items before navigation; missing keys: ['trust_coverage', 'mood_impact', 'age', 'follow_by_age', 'employment_status', 'watch_time', 'attention_text_mid', 'country_satisfa",0,,0,,8,"Number value below min constraint: {'tool': 'fill', 'key': 'age', 'value': '1'}",0,,0,
completion,run_44,C:\VSCode Workspace\Attention Agents\Agent\runs\survey_v1\minicpm-v-2_6\completion\run_44,c9d6029548e2be522df1563678f1fba8,15,7,8,0,0,answer_value_constraints,answer,True,5,"Completion mode requires answering all answerable items before navigation; missing keys: ['trust_coverage', 'mood_impact', 'age', 'follow_by_age', 'employment_status', 'watch_time', 'attention_text_mid', 'country_satisfaction', 'future_interest', 'favorite_moment']",,,,15,5,False,,,,0,0,False,1,"Model output must be a JSON array, got: dict",6,"Completion mode requires answering all answerable items before navigation; missing keys: ['trust_coverage', 'mood_impact', 'age', 'follow_by_age', 'employment_status', 'watch_time', 'attention_text_mid', 'country_satisfa",0,,2,"Select value must match ACTION_SPACE option: {'tool': 'select', 'key': 'future_interest', 'value': 'Strongly likely'}",6,"Number value below min constraint: {'tool': 'fill', 'key': 'age', 'value': '1'}",0,,0,
completion,run_45,C:\VSCode Workspace\Attention Agents\Agent\runs\survey_v1\minicpm-v-2_6\completion\run_45,349fa3d2004730734d7f11dcc3f6af2d,15,7,8,0,0,planning_completeness,answer,True,5,"Completion mode requires answering all answerable items before navigation; missing keys: ['trust_coverage', 'mood_impact']",,,,15,5,False,,,,0,0,False,1,"Model output must be a JSON array, got: dict",5,"Completion mode requires answering all answerable items before navigation; missing keys: ['trust_coverage', 'mood_impact']",1,"Key not in ACTION_SPACE: {'tool': 'select', 'key': '<field_key>', 'value': '1'}",4,"Select value must match ACTION_SPACE option: {'tool': 'select', 'key': 'attention_text_mid', 'value': 'Neutral'}",4,"Missing/invalid value for fill: {'tool': 'fill', 'key': 'age', 'value': ''}",0,,0,
completion,run_46,C:\VSCode Workspace\Attention Agents\Agent\runs\survey_v1\minicpm-v-2_6\completion\run_46,6c0f2873abe6da9d7aa9ec2e657e7698,15,9,6,0,0,answer_value_constraints,planning,True,5,"Missing/invalid value for fill: {'tool': 'select', 'key': 'age', 'value': ''}",,,,15,5,False,,,,0,0,False,4,"VLM did not return JSON array. Raw: The plan is as follows: [{""tool"":""select"",""key"":""follow_by_age"",""value"":""highlights_only""}] [{""tool"":""set_range"",""key"":""watch_time"",""value"":3}] [{""tool"":""click"",""key"":""next""}]",5,"Completion mode requires answering all answerable items before navigation; missing keys: ['trust_coverage', 'follow_by_age', 'employment_status', 'attention_text_mid', 'future_interest', 'favorite_moment']",0,,0,,6,"Missing/invalid value for fill: {'tool': 'select', 'key': 'age', 'value': ''}",0,,0,
completion,run_47,C:\VSCode Workspace\Attention Agents\Agent\runs\survey_v1\minicpm-v-2_6\completion\run_47,b4f047a6fcfb3a0e1e56019ecb2bff3a,15,11,4,0,0,planning_completeness,planning,True,5,"Completion mode requires answering all answerable items before navigation; missing keys: ['trust_coverage', 'mood_impact', 'follow_by_age', 'employment_status', 'attention_text_mid', 'future_interest', 'favorite_moment']",,,,15,5,False,,,,0,0,False,2,"Model output must be a JSON array, got: dict",5,"Completion mode requires answering all answerable items before navigation; missing keys: ['trust_coverage', 'mood_impact', 'follow_by_age', 'employment_status', 'attention_text_mid', 'future_interest', 'favorite_moment']",4,"Key not in ACTION_SPACE: {'tool': 'fill', 'key': 'q_age', 'value': '28'}",3,"Select value must match ACTION_SPACE option: {'tool': 'select', 'key': 'future_interest', 'value': 'Strongly likely'}",1,"Missing/invalid value for fill: {'tool': 'fill', 'key': 'age', 'value': ''}",0,,0,
completion,run_48,C:\VSCode Workspace\Attention Agents\Agent\runs\survey_v1\minicpm-v-2_6\completion\run_48,217e7bcf898f9e092415c6c6bacbe8f5,15,10,5,0,0,planning_completeness,planning,True,5,"Completion mode requires answering all answerable items before navigation; missing keys: ['trust_coverage', 'mood_impact', 'attention_text_mid', 'country_satisfaction', 'future_interest']",,,,15,5,False,,,,0,0,False,3,"VLM did not return JSON array. Raw: {   ""actions"": [     {""tool"":""click"",""key"":""next""},     {""tool"":""set_range"",""key"":""watch_time"",""value"":2},     {""tool"":""select"",""key"":""follow_by_age"",""value"":""highlights_only""},     {""",7,"Completion mode requires answering all answerable items before navigation; missing keys: ['trust_coverage', 'mood_impact', 'attention_text_mid', 'country_satisfaction', 'future_interest']",0,,2,"Select value must match ACTION_SPACE option: {'tool': 'fill', 'key': 'attention_text_mid', 'value': 'Neutral'}",3,"Missing/invalid value for fill: {'tool': 'fill', 'key': 'age', 'value': ''}",0,,0,
completion,run_49,C:\VSCode Workspace\Attention Agents\Agent\runs\survey_v1\minicpm-v-2_6\completion\run_49,4ae8301049361a25af54a258115ab662,15,8,7,0,0,answer_value_constraints,planning,True,5,"Completion mode requires answering all answerable items before navigation; missing keys: ['trust_coverage', 'mood_impact', 'age', 'follow_by_age', 'employment_status', 'watch_time', 'attention_text_mid', 'country_satisfaction', 'future_interest', 'favorite_moment']",,,,15,5,False,,,,0,0,False,2,"VLM did not return JSON array. Raw: Here is the updated plan based on your feedback:  1. Fill:    Signature: {""tool"":""fill"",""key"":""age"", ""value"":""1""} 2. Click:    Signature: {""tool"":""click"",""key"":""next""}  This addresses ",6,"Completion mode requires answering all answerable items before navigation; missing keys: ['trust_coverage', 'mood_impact', 'age', 'follow_by_age', 'employment_status', 'watch_time', 'attention_text_mid', 'country_satisfa",0,,0,,7,"Number value below min constraint: {'tool': 'fill', 'key': 'age', 'value': '1'}",0,,0,
completion,run_50,C:\VSCode Workspace\Attention Agents\Agent\runs\survey_v1\minicpm-v-2_6\completion\run_50,a618f618151a487df5481651c016609b,15,12,3,0,0,planning_format,planning,True,5,"Completion mode requires answering all answerable items before navigation; missing keys: ['trust_coverage', 'mood_impact', 'age', 'follow_by_age', 'employment_status', 'watch_time', 'attention_text_mid', 'country_satisfaction', 'future_interest', 'favorite_moment']",,,,15,5,False,,,,0,0,False,9,"VLM did not return JSON array. Raw: [ { ""tool"":""set_range"", ""key"":""age"", ""value"":null, ""question_text"":""1) Your age"" }, { ""tool"":""select"", ""key"":""follow_by_age"", ""value"":""highlights_only"", ""question_text"":""2) Compared wi",3,"Completion mode requires answering all answerable items before navigation; missing keys: ['trust_coverage', 'mood_impact', 'age', 'follow_by_age', 'employment_status', 'watch_time', 'attention_text_mid', 'country_satisfa",0,,0,,3,"Number value below min constraint: {'tool': 'fill', 'key': 'age', 'value': '1'}",0,,0,
completion,run_51,C:\VSCode Workspace\Attention Agents\Agent\runs\survey_v1\minicpm-v-2_6\completion\run_51,22b6f6761bc06d228a551773f9305413,15,8,7,0,0,answer_value_constraints,planning,True,5,"Completion mode requires answering all answerable items before navigation; missing keys: ['trust_coverage', 'employment_status', 'attention_text_mid', 'country_satisfaction', 'future_interest', 'favorite_moment']",,,,15,5,False,,,,0,0,False,4,"VLM did not return JSON array. Raw: Based on the provided information, here is a revised plan that addresses any missing or invalid values:  1. Fill:    - Key: age      Value: 25 (assuming an appropriate value based on y",4,"Completion mode requires answering all answerable items before navigation; missing keys: ['trust_coverage', 'employment_status', 'attention_text_mid', 'country_satisfaction', 'future_interest', 'favorite_moment']",0,,1,"Select value must match ACTION_SPACE option: {'tool': 'select', 'key': 'employment_status', 'value': 'not_much'}",6,"Missing/invalid numeric value for set_range: {'tool': 'set_range', 'key': 'watch_time', 'value': ''}",0,,0,
completion,run_52,C:\VSCode Workspace\Attention Agents\Agent\runs\survey_v1\minicpm-v-2_6\completion\run_52,bf3adc7d3a2cdc6f6595f6d4758a9d8b,15,7,8,0,0,answer_value_constraints,answer,True,5,"Completion mode requires answering all answerable items before navigation; missing keys: ['trust_coverage', 'mood_impact', 'age', 'follow_by_age', 'employment_status', 'watch_time', 'attention_text_mid', 'country_satisfaction', 'future_interest', 'favorite_moment']",,,,15,5,False,,,,0,0,False,2,"VLM did not return JSON array. Raw: [{""tool"":""select"",""key"":""<field_key>"",""value"":""<option_value>""},{""tool"":""check"",""key"":""<field_key>"",""value"":""<option_label_or_value>""},{""tool"":""set_range"",""key"":""<field_key>"",""value"":<",5,"Completion mode requires answering all answerable items before navigation; missing keys: ['trust_coverage', 'mood_impact', 'age', 'follow_by_age', 'employment_status', 'watch_time', 'attention_text_mid', 'country_satisfa",0,,0,,8,"Missing/invalid value for fill: {'tool': 'fill', 'key': 'age', 'value': ''}",0,,0,
completion,run_53,C:\VSCode Workspace\Attention Agents\Agent\runs\survey_v1\minicpm-v-2_6\completion\run_53,b1007656ac86d4d859d5c676a7e294a4,15,9,6,0,0,planning_completeness,planning,True,5,"Completion mode requires answering all answerable items before navigation; missing keys: ['trust_coverage', 'mood_impact', 'follow_by_age', 'employment_status', 'watch_time', 'attention_text_mid', 'country_satisfaction', 'future_interest', 'favorite_moment']",,,,15,5,False,,,,0,0,False,1,"Model output must be a JSON array, got: dict",8,"Completion mode requires answering all answerable items before navigation; missing keys: ['trust_coverage', 'mood_impact', 'follow_by_age', 'employment_status', 'watch_time', 'attention_text_mid', 'country_satisfaction',",0,,0,,6,"Missing/invalid value for fill: {'tool': 'fill', 'key': 'age', 'value': ''}",0,,0,
completion,run_54,C:\VSCode Workspace\Attention Agents\Agent\runs\survey_v1\minicpm-v-2_6\completion\run_54,7ec742b10038a7fab37fd06f814b5f35,15,9,6,0,0,answer_value_constraints,planning,True,5,"Completion mode requires answering all answerable items before navigation; missing keys: ['trust_coverage', 'mood_impact', 'employment_status', 'attention_text_mid', 'country_satisfaction', 'future_interest', 'favorite_moment']",,,,15,5,False,,,,0,0,False,3,"Model output must be a JSON array, got: dict",5,"Completion mode requires answering all answerable items before navigation; missing keys: ['trust_coverage', 'mood_impact', 'employment_status', 'attention_text_mid', 'country_satisfaction', 'future_interest', 'favorite_m",1,"Missing/invalid key in step: {'action': {'tool': 'click', 'key': 'next'}}",0,,6,"Missing/invalid value for fill: {'tool': 'fill', 'key': 'age', 'value': ''}",0,,0,
completion,run_55,C:\VSCode Workspace\Attention Agents\Agent\runs\survey_v1\minicpm-v-2_6\completion\run_55,74b509f90a94377eaa8b82a5735221da,15,10,5,0,0,planning_completeness,planning,True,5,"Completion mode requires answering all answerable items before navigation; missing keys: ['attention_text_mid', 'country_satisfaction', 'future_interest', 'favorite_moment']",,,,15,5,False,,,,0,0,False,4,"VLM did not return JSON array. Raw: Here is the updated plan for survey participation based on provided validation feedback and schema meta information:  1. Fill:    Signature: {""tool"":""fill"",""key"":""age"", ""value"":<number",6,"Completion mode requires answering all answerable items before navigation; missing keys: ['attention_text_mid', 'country_satisfaction', 'future_interest', 'favorite_moment']",0,,3,"Select value must match ACTION_SPACE option: {'tool': 'select', 'key': 'future_interest', 'value': 'Strongly likely'}",2,"Number value below min constraint: {'tool': 'fill', 'key': 'age', 'value': '1'}",0,,0,
completion,run_56,C:\VSCode Workspace\Attention Agents\Agent\runs\survey_v1\minicpm-v-2_6\completion\run_56,54cd3e4ab7d4083c9ad004d39efd7595,15,13,2,0,0,planning_format,planning,True,5,"Completion mode requires answering all answerable items before navigation; missing keys: ['trust_coverage', 'mood_impact', 'age', 'follow_by_age', 'employment_status', 'watch_time', 'attention_text_mid', 'country_satisfaction', 'future_interest', 'favorite_moment']",,,,15,5,False,,,,0,0,False,9,"Model output must be a JSON array, got: dict",4,"Completion mode requires answering all answerable items before navigation; missing keys: ['trust_coverage', 'mood_impact', 'age', 'follow_by_age', 'employment_status', 'watch_time', 'attention_text_mid', 'country_satisfa",0,,1,"Select value must match ACTION_SPACE option: {'tool': 'select', 'key': 'future_interest', 'value': 'Strongly agree'}",1,"Missing/invalid numeric value for set_range: {'tool': 'fill', 'key': 'watch_time', 'value': ''}",0,,0,
completion,run_57,C:\VSCode Workspace\Attention Agents\Agent\runs\survey_v1\minicpm-v-2_6\completion\run_57,ebc449adc61e1189660a204298fd1d47,15,9,6,0,0,planning_completeness,planning,True,5,"Completion mode requires answering all answerable items before navigation; missing keys: ['trust_coverage', 'mood_impact', 'age', 'follow_by_age', 'employment_status', 'watch_time', 'attention_text_mid', 'country_satisfaction', 'future_interest', 'favorite_moment']",,,,15,5,False,,,,0,0,False,1,"Model output must be a JSON array, got: dict",7,"Completion mode requires answering all answerable items before navigation; missing keys: ['trust_coverage', 'mood_impact', 'age', 'follow_by_age', 'employment_status', 'watch_time', 'attention_text_mid', 'country_satisfa",1,"Key not in ACTION_SPACE: {'tool': 'fill', 'key': '<field_key>', 'value': '1'}",0,,6,"Number value below min constraint: {'tool': 'fill', 'key': 'age', 'value': '1'}",0,,0,
completion,run_58,C:\VSCode Workspace\Attention Agents\Agent\runs\survey_v1\minicpm-v-2_6\completion\run_58,47f4179b66cdad715b9b4d5f47bd0833,15,9,6,0,0,answer_value_constraints,planning,True,5,"Completion mode requires answering all answerable items before navigation; missing keys: ['trust_coverage', 'attention_text_mid', 'country_satisfaction', 'future_interest', 'favorite_moment']",,,,15,5,False,,,,0,0,False,3,"Model output must be a JSON array, got: dict",6,"Completion mode requires answering all answerable items before navigation; missing keys: ['trust_coverage', 'attention_text_mid', 'country_satisfaction', 'future_interest', 'favorite_moment']",0,,0,,6,"Missing/invalid value for fill: {'tool': 'select', 'key': 'age', 'value': ''}",0,,0,
completion,run_59,C:\VSCode Workspace\Attention Agents\Agent\runs\survey_v1\minicpm-v-2_6\completion\run_59,6d5b43426e8e0ed4dba03bca150d4201,15,10,5,0,0,planning_completeness,planning,True,5,"Completion mode requires answering all answerable items before navigation; missing keys: ['trust_coverage', 'mood_impact', 'age', 'follow_by_age', 'employment_status', 'watch_time', 'attention_text_mid', 'country_satisfaction', 'future_interest', 'favorite_moment']",,,,15,5,False,,,,0,0,False,3,"Model output must be a JSON array, got: dict",6,"Completion mode requires answering all answerable items before navigation; missing keys: ['trust_coverage', 'mood_impact', 'age', 'follow_by_age', 'employment_status', 'watch_time', 'attention_text_mid', 'country_satisfa",1,"Key not in ACTION_SPACE: {'tool': 'fill', 'key': '<field_key>', 'value': '<string>'}",0,,5,"Missing/invalid value for fill: {'tool': 'fill', 'key': 'age', 'value': ''}",0,,0,
completion,run_60,C:\VSCode Workspace\Attention Agents\Agent\runs\survey_v1\minicpm-v-2_6\completion\run_60,cf5a227b049214264d10f4a6374defb6,15,10,5,0,0,planning_completeness,planning,True,5,"Completion mode requires answering all answerable items before navigation; missing keys: ['trust_coverage', 'attention_text_mid', 'country_satisfaction', 'future_interest']",,,,15,5,False,,,,0,0,False,3,"Model output must be a JSON array, got: dict",6,"Completion mode requires answering all answerable items before navigation; missing keys: ['trust_coverage', 'attention_text_mid', 'country_satisfaction', 'future_interest']",1,"Missing/invalid key in step: {'action': {'tool': 'click', 'key': 'next'}}",0,,5,"Number value below min constraint: {'tool': 'fill', 'key': 'age', 'value': '1'}",0,,0,
completion,run_61,C:\VSCode Workspace\Attention Agents\Agent\runs\survey_v1\minicpm-v-2_6\completion\run_61,e5e3a0e79185494ea24b75744bdb3ad3,15,13,2,0,0,planning_completeness,planning,True,5,"Completion mode requires answering all answerable items before navigation; missing keys: ['trust_coverage', 'mood_impact', 'attention_text_mid', 'country_satisfaction', 'future_interest']",,,,15,5,False,,,,0,0,False,6,"VLM did not return JSON array. Raw: [   {""tool"": ""set_range"", ""key"": ""watch_time"", ""value"": 5},   {""tool"": ""select"", ""key"": ""employment_status"", ""value"": ""full\_time""},   {""tool"": ""select"", ""key"": ""follow_by_age"", ""value",7,"Completion mode requires answering all answerable items before navigation; missing keys: ['trust_coverage', 'mood_impact', 'attention_text_mid', 'country_satisfaction', 'future_interest']",0,,0,,2,"Number value below min constraint: {'tool': 'fill', 'key': 'age', 'value': '1'}",0,,0,
completion,run_62,C:\VSCode Workspace\Attention Agents\Agent\runs\survey_v1\minicpm-v-2_6\completion\run_62,ffadec2adca1b17ecf4e1313f1038bf7,15,11,4,0,0,planning_completeness,planning,True,5,"Completion mode requires answering all answerable items before navigation; missing keys: ['trust_coverage', 'mood_impact', 'age', 'follow_by_age', 'employment_status', 'watch_time', 'attention_text_mid', 'country_satisfaction', 'future_interest', 'favorite_moment']",,,,15,5,False,,,,0,0,False,2,"VLM did not return JSON array. Raw: [{""tool"": ""fill"", ""key"": ""age"", ""value"": ""1""}, {""tool"": ""select"", ""key"": ""trust_coverage"", ""value"": ""Strongly disagree""}, {""tool"": ""click"", ""key"": ""next""}, {""tool"": ""set_range"", ""key"":",8,"Completion mode requires answering all answerable items before navigation; missing keys: ['trust_coverage', 'mood_impact', 'age', 'follow_by_age', 'employment_status', 'watch_time', 'attention_text_mid', 'country_satisfa",1,"Key not in ACTION_SPACE: {'tool': 'select', 'key': '<field_key>', 'value': '1'}",0,,4,"Missing/invalid value for fill: {'tool': 'fill', 'key': 'age', 'value': ''}",0,,0,
completion,run_63,C:\VSCode Workspace\Attention Agents\Agent\runs\survey_v1\minicpm-v-2_6\completion\run_63,ba7e63ca56702d5256304b674ec85b74,15,12,3,0,0,planning_format,planning,True,5,"Completion mode requires answering all answerable items before navigation; missing keys: ['trust_coverage', 'mood_impact', 'age', 'follow_by_age', 'employment_status', 'watch_time', 'attention_text_mid', 'country_satisfaction', 'future_interest', 'favorite_moment']",,,,15,5,False,,,,0,0,False,6,"Model output must be a JSON array, got: dict",5,"Completion mode requires answering all answerable items before navigation; missing keys: ['trust_coverage', 'mood_impact', 'age', 'follow_by_age', 'employment_status', 'watch_time', 'attention_text_mid', 'country_satisfa",1,"Key not in ACTION_SPACE: {'tool': 'fill', 'key': '<field_key>', 'value': '<string>'}",0,,3,"Missing/invalid value for fill: {'tool': 'fill', 'key': 'age', 'value': ''}",0,,0,
completion,run_64,C:\VSCode Workspace\Attention Agents\Agent\runs\survey_v1\minicpm-v-2_6\completion\run_64,5eceecdc3d292012943a672d7df5007a,15,12,3,0,0,planning_format,planning,True,5,"Missing/invalid numeric value for set_range: {'tool': 'check', 'key': 'country_satisfaction', 'value': 'Strongly agree'}",,,,15,5,False,,,,0,0,False,9,"Model output must be a JSON array, got: dict",3,"Completion mode requires answering all answerable items before navigation; missing keys: ['trust_coverage', 'follow_by_age', 'employment_status', 'attention_text_mid', 'future_interest', 'favorite_moment']",0,,2,"Select value must match ACTION_SPACE option: {'tool': 'select', 'key': 'future_interest', 'value': 'Strongly likely'}",1,"Missing/invalid numeric value for set_range: {'tool': 'check', 'key': 'country_satisfaction', 'value': 'Strongly agree'}",0,,0,
completion,run_65,C:\VSCode Workspace\Attention Agents\Agent\runs\survey_v1\minicpm-v-2_6\completion\run_65,3ba134365f9dedf61b48cea26771ae6f,15,13,2,0,0,planning_format,planning,True,5,"Completion mode requires answering all answerable items before navigation; missing keys: ['trust_coverage', 'mood_impact', 'age', 'follow_by_age', 'employment_status', 'watch_time', 'attention_text_mid', 'country_satisfaction', 'future_interest', 'favorite_moment']",,,,15,5,False,,,,0,0,False,10,"Model output must be a JSON array, got: dict",3,"Completion mode requires answering all answerable items before navigation; missing keys: ['trust_coverage', 'mood_impact', 'age', 'follow_by_age', 'employment_status', 'watch_time', 'attention_text_mid', 'country_satisfa",0,,0,,2,"Number value below min constraint: {'tool': 'fill', 'key': 'age', 'value': '10'}",0,,0,
completion,run_66,C:\VSCode Workspace\Attention Agents\Agent\runs\survey_v1\minicpm-v-2_6\completion\run_66,32138922c2c65ad45e098331bef5bb8d,15,9,6,0,0,planning_format,planning,True,5,"Completion mode requires answering all answerable items before navigation; missing keys: ['mood_impact', 'follow_by_age', 'employment_status', 'watch_time', 'attention_text_mid', 'country_satisfaction', 'future_interest', 'favorite_moment']",,,,15,5,False,,,,0,0,False,8,"VLM did not return JSON array. Raw: [{""tool"": ""select"", ""key"": ""follow_by_age"", ""value"": ""highlights_only""}, {""tool"": ""set_range"", ""key"": ""watch_time"", ""value"": 2.0}, {""tool"": ""fill"", ""key"": ""age"", ""value"": '1'}, {""tool""",1,"Completion mode requires answering all answerable items before navigation; missing keys: ['mood_impact', 'follow_by_age', 'employment_status', 'watch_time', 'attention_text_mid', 'country_satisfaction', 'future_interest'",0,,0,,6,"Number value below min constraint: {'tool': 'fill', 'key': 'age', 'value': '1'}",0,,0,
completion,run_67,C:\VSCode Workspace\Attention Agents\Agent\runs\survey_v1\minicpm-v-2_6\completion\run_67,e5cda2f8517ba5095f60a81323103b01,15,9,6,0,0,planning_completeness,planning,True,5,"Completion mode requires answering all answerable items before navigation; missing keys: ['trust_coverage', 'mood_impact', 'follow_by_age', 'employment_status', 'watch_time', 'attention_text_mid', 'country_satisfaction', 'future_interest', 'favorite_moment']",,,,15,5,False,,,,0,0,False,2,"Model output must be a JSON array, got: dict",7,"Completion mode requires answering all answerable items before navigation; missing keys: ['trust_coverage', 'mood_impact', 'follow_by_age', 'employment_status', 'watch_time', 'attention_text_mid', 'country_satisfaction',",0,,0,,6,"Missing/invalid value for fill: {'tool': 'fill', 'key': 'age', 'value': ''}",0,,0,
completion,run_68,C:\VSCode Workspace\Attention Agents\Agent\runs\survey_v1\minicpm-v-2_6\completion\run_68,4d22d3d12bdf406bc87c3868826bc43d,15,15,0,0,0,planning_schema_key,planning,True,5,"Completion mode requires answering all answerable items before navigation; missing keys: ['trust_coverage', 'mood_impact', 'age', 'follow_by_age', 'employment_status', 'watch_time', 'attention_text_mid', 'country_satisfaction', 'future_interest', 'favorite_moment']",,,,15,5,False,,,,0,0,False,5,"VLM did not return JSON array. Raw: Here is the updated JSON plan for answering all required questions and navigating to the next page: ``` [   {""tool"": ""click"", ""key"": ""next""},   {""tool"": ""select"", ""key"": ""trust_coverag",4,"Completion mode requires answering all answerable items before navigation; missing keys: ['trust_coverage', 'mood_impact', 'age', 'follow_by_age', 'employment_status', 'watch_time', 'attention_text_mid', 'country_satisfa",6,"Key not in ACTION_SPACE: {'tool': 'fill', 'key': 'q_age', 'value': '18.0'}",0,,0,,0,,0,
completion,run_69,C:\VSCode Workspace\Attention Agents\Agent\runs\survey_v1\minicpm-v-2_6\completion\run_69,a82e46b6ac256e1d1fa0a1483490f4f1,15,11,4,0,0,planning_format,planning,True,5,"Number value below min constraint: {'tool': 'fill', 'key': 'age', 'value': '5'}",,,,15,5,False,,,,0,0,False,7,"VLM did not return JSON array. Raw: [   {""tool"": ""click"", ""key"": ""next""},   {     ""tool"": ""select"",     ""key"": ""trust_coverage"",     ""value"": ""Strongly disagree""   },   {     ""tool"": ""select"",     ""key"": ""mood_impact"",  ",4,"Completion mode requires answering all answerable items before navigation; missing keys: ['trust_coverage', 'mood_impact', 'follow_by_age', 'employment_status', 'watch_time', 'attention_text_mid', 'country_satisfaction',",0,,0,,4,"Number value below min constraint: {'tool': 'fill', 'key': 'age', 'value': '5'}",0,,0,
completion,run_70,C:\VSCode Workspace\Attention Agents\Agent\runs\survey_v1\minicpm-v-2_6\completion\run_70,fb25ad3bc0839d98a4ce1609a7073484,15,5,10,0,0,answer_value_constraints,answer,True,5,"Key not in ACTION_SPACE: {'tool': 'select', 'key': '<field_key>', 'value': '<option_value>'}",,,,15,5,False,,,,0,0,False,2,"Model output must be a JSON array, got: dict",2,"Completion mode requires answering all answerable items before navigation; missing keys: ['trust_coverage', 'age', 'follow_by_age', 'employment_status', 'watch_time', 'attention_text_mid', 'country_satisfaction', 'future",1,"Key not in ACTION_SPACE: {'tool': 'select', 'key': '<field_key>', 'value': '<option_value>'}",4,"Select value must match ACTION_SPACE option: {'tool': 'set_range', 'key': 'attention_text_mid', 'value': '1'}",6,"Number value below min constraint: {'tool': 'fill', 'key': 'age', 'value': '1'}",0,,0,
completion,run_71,C:\VSCode Workspace\Attention Agents\Agent\runs\survey_v1\minicpm-v-2_6\completion\run_71,a29588267a0b41092d1169f229a3239b,15,10,5,0,0,answer_value_constraints,planning,True,5,"Number value below min constraint: {'tool': 'select', 'key': 'age', 'value': '1'}",,,,15,5,False,,,,0,0,False,5,"Model output must be a JSON array, got: dict",5,"Completion mode requires answering all answerable items before navigation; missing keys: ['trust_coverage', 'mood_impact', 'follow_by_age', 'employment_status', 'watch_time', 'attention_text_mid', 'country_satisfaction',",0,,0,,5,"Number value below min constraint: {'tool': 'select', 'key': 'age', 'value': '1'}",0,,0,
completion,run_72,C:\VSCode Workspace\Attention Agents\Agent\runs\survey_v1\minicpm-v-2_6\completion\run_72,0d404b5afa7c41f8120a77d87b3010f0,15,7,8,0,0,answer_value_constraints,answer,True,5,"Completion mode requires answering all answerable items before navigation; missing keys: ['trust_coverage', 'mood_impact', 'age', 'follow_by_age', 'employment_status', 'watch_time', 'attention_text_mid', 'country_satisfaction', 'future_interest', 'favorite_moment']",,,,15,5,False,,,,0,0,False,2,"Model output must be a JSON array, got: dict",5,"Completion mode requires answering all answerable items before navigation; missing keys: ['trust_coverage', 'mood_impact', 'age', 'follow_by_age', 'employment_status', 'watch_time', 'attention_text_mid', 'country_satisfa",0,,1,"Check value must match ACTION_SPACE option label/value: {'tool': 'select', 'key': 'trust_coverage', 'value': ''}",7,"Missing/invalid value for fill: {'tool': 'fill', 'key': 'age', 'value': ''}",0,,0,
completion,run_73,C:\VSCode Workspace\Attention Agents\Agent\runs\survey_v1\minicpm-v-2_6\completion\run_73,e4a881824aa9a3f3da7345e87766da34,15,13,2,0,0,planning_completeness,planning,True,5,"Completion mode requires answering all answerable items before navigation; missing keys: ['trust_coverage', 'mood_impact', 'age', 'follow_by_age', 'employment_status', 'watch_time', 'attention_text_mid', 'country_satisfaction', 'future_interest', 'favorite_moment']",,,,15,5,False,,,,0,0,False,6,"VLM did not return JSON array. Raw: [ { ""tool"":""fill"", ""key"":""age"", ""value"":""1"" }, { ""tool"":""fill"", ""key"":""age"", ""value"":""10"" }, { ""tool"":""select"", ""key"":""trust_coverage"", ""value"":""Strongly agree"" }, { ""tool"":""select"", """,6,"Completion mode requires answering all answerable items before navigation; missing keys: ['trust_coverage', 'mood_impact', 'age', 'follow_by_age', 'employment_status', 'watch_time', 'attention_text_mid', 'country_satisfa",1,"Key not in ACTION_SPACE: {'tool': 'fill', 'key': '<field_key>', 'value': '1'}",0,,2,"Number value below min constraint: {'tool': 'fill', 'key': 'age', 'value': '1'}",0,,0,
completion,run_74,C:\VSCode Workspace\Attention Agents\Agent\runs\survey_v1\minicpm-v-2_6\completion\run_74,43f3b72f12cb801447e78e6b6ee5330a,15,14,1,0,0,planning_completeness,planning,True,5,"Completion mode requires answering all answerable items before navigation; missing keys: ['trust_coverage', 'mood_impact', 'age', 'follow_by_age', 'employment_status', 'watch_time', 'attention_text_mid', 'country_satisfaction', 'future_interest', 'favorite_moment']",,,,15,5,False,,,,0,0,False,5,"VLM did not return JSON array. Raw: Here is the updated plan based on your feedback and validation: 1. Fill ""Your age"": {""tool"":""fill"",""key"":""q_age"",""value"":""20""} 2. Set range for watch_time: {""tool"":""set_range"",""key"":""q",5,"Completion mode requires answering all answerable items before navigation; missing keys: ['trust_coverage', 'mood_impact', 'age', 'follow_by_age', 'employment_status', 'watch_time', 'attention_text_mid', 'country_satisfa",4,"Key not in ACTION_SPACE: {'tool': 'fill', 'key': 'q_age', 'value': '20'}",0,,1,"Missing/invalid value for fill: {'tool': 'fill', 'key': 'favorite_moment', 'value': ''}",0,,0,
completion,run_75,C:\VSCode Workspace\Attention Agents\Agent\runs\survey_v1\minicpm-v-2_6\completion\run_75,166b72e661c132a2e3c0b041de70f653,15,6,9,0,0,answer_value_constraints,answer,True,5,"Select value must match ACTION_SPACE option: {'tool': 'check', 'key': 'future_interest', 'value': 'Strongly agree'}",,,,15,5,False,,,,0,0,False,5,"Model output must be a JSON array, got: dict",1,"Completion mode requires answering all answerable items before navigation; missing keys: ['trust_coverage', 'mood_impact', 'age', 'follow_by_age', 'employment_status', 'watch_time', 'attention_text_mid', 'country_satisfa",0,,2,"Select value must match ACTION_SPACE option: {'tool': 'check', 'key': 'future_interest', 'value': 'Strongly agree'}",7,"Number value below min constraint: {'tool': 'fill', 'key': 'age', 'value': '10'}",0,,0,
completion,run_76,C:\VSCode Workspace\Attention Agents\Agent\runs\survey_v1\minicpm-v-2_6\completion\run_76,edba33d1e7d9a30a08476bc5b7dccf37,15,6,9,0,0,answer_option_mapping,answer,True,5,"Number value below min constraint: {'tool': 'select', 'key': 'age', 'value': '1'}",,,,15,5,False,,,,0,0,False,2,"Model output must be a JSON array, got: dict",4,"Completion mode requires answering all answerable items before navigation; missing keys: ['mood_impact', 'employment_status', 'attention_text_mid', 'country_satisfaction', 'future_interest', 'favorite_moment']",0,,5,"Select value must match ACTION_SPACE option: {'tool': 'fill', 'key': 'attention_text_mid', 'value': '1.0'}",4,"Number value below min constraint: {'tool': 'select', 'key': 'age', 'value': '1'}",0,,0,
completion,run_77,C:\VSCode Workspace\Attention Agents\Agent\runs\survey_v1\minicpm-v-2_6\completion\run_77,ef7327a3f95bbce3f45fc13d974823cd,15,11,4,0,0,planning_format,planning,True,5,"Number value below min constraint: {'tool': 'select', 'key': 'age', 'value': '5'}",,,,15,5,False,,,,0,0,False,8,"Model output must be a JSON array, got: dict",3,"Completion mode requires answering all answerable items before navigation; missing keys: ['trust_coverage', 'mood_impact', 'follow_by_age', 'employment_status', 'watch_time', 'attention_text_mid', 'country_satisfaction',",0,,0,,4,"Number value below min constraint: {'tool': 'select', 'key': 'age', 'value': '5'}",0,,0,
completion,run_78,C:\VSCode Workspace\Attention Agents\Agent\runs\survey_v1\minicpm-v-2_6\completion\run_78,d0cb5239965f47936528fab417f3445b,15,5,10,0,0,answer_value_constraints,answer,True,5,"Completion mode requires answering all answerable items before navigation; missing keys: ['follow_by_age', 'employment_status', 'attention_text_mid', 'country_satisfaction', 'future_interest', 'favorite_moment']",,,,15,5,False,,,,0,0,False,0,,5,"Completion mode requires answering all answerable items before navigation; missing keys: ['follow_by_age', 'employment_status', 'attention_text_mid', 'country_satisfaction', 'future_interest', 'favorite_moment']",0,,3,"Select value must match ACTION_SPACE option: {'tool': 'select', 'key': 'employment_status', 'value': 'not_much'}",7,"Missing/invalid numeric value for set_range: {'tool': 'select', 'key': 'country_satisfaction', 'value': 'Strongly agree'}",0,,0,
completion,run_79,C:\VSCode Workspace\Attention Agents\Agent\runs\survey_v1\minicpm-v-2_6\completion\run_79,d51396c02d620c4e239a8976da571593,15,12,3,0,0,planning_format,planning,True,5,"Completion mode requires answering all answerable items before navigation; missing keys: ['trust_coverage', 'mood_impact', 'attention_text_mid']",,,,15,5,False,,,,0,0,False,10,"VLM did not return JSON array. Raw: [   {""tool"": ""select"", ""key"": ""trust_coverage"", ""value"": ""Strongly agree""},   {""tool"": ""select"", ""key"": ""mood_impact"", ""value"": ""Somewhat""},   {""tool"": ""set_range"", ""key"": ""watch_time""",2,"Completion mode requires answering all answerable items before navigation; missing keys: ['trust_coverage', 'mood_impact', 'attention_text_mid']",0,,1,"Check value must match ACTION_SPACE option label/value: {'tool': 'select', 'key': 'mood_impact', 'value': 'Somewhat'}",2,"Number value below min constraint: {'tool': 'fill', 'key': 'age', 'value': '10'}",0,,0,
completion,run_80,C:\VSCode Workspace\Attention Agents\Agent\runs\survey_v1\minicpm-v-2_6\completion\run_80,065f62f9044e72724fe6f8eaff0e3aca,15,9,6,0,0,answer_value_constraints,planning,True,5,"VLM did not return JSON array. Raw:
[
{""tool"":""select"",""key"":""age"",""value"":""3""}],
{""tool"":""set_range"",""key"":""watch_time"",""value"":""7""},
{""tool"":""fill"",""key"":""follow_by_age"",""value"":""highlights_only""},
{""tool"":""click"",""key"":""next""}
]",,,,15,5,False,,,,0,0,False,4,"VLM did not return JSON array. Raw: [ {""tool"":""select"",""key"":""age"",""value"":""3""}], {""tool"":""set_range"",""key"":""watch_time"",""value"":""7""}, {""tool"":""fill"",""key"":""follow_by_age"",""value"":""highlights_only""}, {""tool"":""click"",""key",3,"Completion mode requires answering all answerable items before navigation; missing keys: ['trust_coverage', 'mood_impact', 'age', 'employment_status', 'attention_text_mid', 'country_satisfaction', 'future_interest', 'fav",2,"Key not in ACTION_SPACE: {'tool': 'fill', 'key': 'gender', 'value': 'Select...'}",0,,6,"Number value below min constraint: {'tool': 'select', 'key': 'age', 'value': '3'}",0,,0,
completion,run_81,C:\VSCode Workspace\Attention Agents\Agent\runs\survey_v1\minicpm-v-2_6\completion\run_81,45f63f04baf982c5c12d7ddf5e394fd5,15,8,7,0,0,answer_value_constraints,planning,True,5,"Completion mode requires answering all answerable items before navigation; missing keys: ['trust_coverage', 'mood_impact', 'age', 'follow_by_age', 'employment_status', 'watch_time', 'attention_text_mid', 'country_satisfaction', 'future_interest', 'favorite_moment']",,,,15,5,False,,,,0,0,False,0,,7,"Completion mode requires answering all answerable items before navigation; missing keys: ['trust_coverage', 'mood_impact', 'age', 'follow_by_age', 'employment_status', 'watch_time', 'attention_text_mid', 'country_satisfa",1,"Key not in ACTION_SPACE: {'tool': 'fill', 'key': '<field_key>', 'value': '<string>'}",0,,7,"Missing/invalid value for fill: {'tool': 'fill', 'key': 'age', 'value': ''}",0,,0,
completion,run_82,C:\VSCode Workspace\Attention Agents\Agent\runs\survey_v1\minicpm-v-2_6\completion\run_82,76d1929adf8efaf58deaea55a30ffc7d,15,12,3,0,0,planning_completeness,planning,True,5,"Completion mode requires answering all answerable items before navigation; missing keys: ['trust_coverage', 'mood_impact', 'attention_text_mid', 'country_satisfaction']",,,,15,5,False,,,,0,0,False,5,"Model output must be a JSON array, got: dict",7,"Completion mode requires answering all answerable items before navigation; missing keys: ['trust_coverage', 'mood_impact', 'attention_text_mid', 'country_satisfaction']",0,,0,,3,"Number value below min constraint: {'tool': 'fill', 'key': 'age', 'value': '1'}",0,,0,
completion,run_83,C:\VSCode Workspace\Attention Agents\Agent\runs\survey_v1\minicpm-v-2_6\completion\run_83,458082528a479f9e4f92fc1f590a5df2,15,10,5,0,0,planning_completeness,planning,True,5,"Completion mode requires answering all answerable items before navigation; missing keys: ['trust_coverage', 'mood_impact', 'age', 'follow_by_age', 'employment_status', 'watch_time', 'attention_text_mid', 'country_satisfaction', 'future_interest', 'favorite_moment']",,,,15,5,False,,,,0,0,False,5,"Model output must be a JSON array, got: dict",5,"Completion mode requires answering all answerable items before navigation; missing keys: ['trust_coverage', 'mood_impact', 'age', 'follow_by_age', 'employment_status', 'watch_time', 'attention_text_mid', 'country_satisfa",0,,2,"Select value must match ACTION_SPACE option: {'tool': 'select', 'key': 'future_interest', 'value': 'Strongly agree'}",3,"Number value below min constraint: {'tool': 'fill', 'key': 'age', 'value': '5'}",0,,0,
completion,run_84,C:\VSCode Workspace\Attention Agents\Agent\runs\survey_v1\minicpm-v-2_6\completion\run_84,60b059a2dfec1b49764aa01078a6aa20,15,11,4,0,0,planning_format,planning,True,5,"Completion mode requires answering all answerable items before navigation; missing keys: ['trust_coverage', 'mood_impact', 'follow_by_age', 'employment_status', 'watch_time', 'attention_text_mid', 'country_satisfaction', 'future_interest', 'favorite_moment']",,,,15,5,False,,,,0,0,False,7,"VLM did not return JSON array. Raw: [{""tool"":""set_range"",""key"":""q_watch_time"",""value"":1}] [{""tool"":""select"",""key"":""mood_impact"",""value"":""Neutral""}] [{""tool"":""select"",""key"":""trust_coverage"",""value"":""Strongly agree""}] [{""t",4,"Completion mode requires answering all answerable items before navigation; missing keys: ['trust_coverage', 'mood_impact', 'follow_by_age', 'employment_status', 'watch_time', 'attention_text_mid', 'country_satisfaction',",0,,0,,4,"Missing/invalid value for fill: {'tool': 'fill', 'key': 'age', 'value': ''}",0,,0,
completion,run_85,C:\VSCode Workspace\Attention Agents\Agent\runs\survey_v1\minicpm-v-2_6\completion\run_85,4b1f4cfddfe2d95d4704a37893cd721c,15,9,6,0,0,planning_format,planning,True,5,"Completion mode requires answering all answerable items before navigation; missing keys: ['trust_coverage', 'mood_impact', 'age', 'follow_by_age', 'employment_status', 'watch_time', 'attention_text_mid', 'country_satisfaction', 'future_interest', 'favorite_moment']",,,,15,5,False,,,,0,0,False,6,"Model output must be a JSON array, got: dict",3,"Completion mode requires answering all answerable items before navigation; missing keys: ['trust_coverage', 'mood_impact', 'age', 'follow_by_age', 'employment_status', 'watch_time', 'attention_text_mid', 'country_satisfa",0,,3,"Select value must match ACTION_SPACE option: {'tool': 'fill', 'key': 'attention_text_mid', 'value': 'Strongly agree'}",3,"Missing/invalid value for fill: {'tool': 'fill', 'key': 'age', 'value': ''}",0,,0,
completion,run_86,C:\VSCode Workspace\Attention Agents\Agent\runs\survey_v1\minicpm-v-2_6\completion\run_86,b7dd6e5437d79a9643ae24a9f4a5d663,15,13,2,0,0,planning_format,planning,True,5,"Completion mode requires answering all answerable items before navigation; missing keys: ['trust_coverage', 'mood_impact', 'age', 'follow_by_age', 'employment_status', 'watch_time', 'attention_text_mid', 'country_satisfaction', 'future_interest', 'favorite_moment']",,,,15,5,False,,,,0,0,False,10,"VLM did not return JSON array. Raw: [   {""tool"":""fill"",""key"":""<field_key>"",""value"":""1""},   {""tool"":""select"",""key"":""<field_key>"",""value"":""1""},   {""tool"":""set_range"",""key"":""watch_time"",""value"":2},   {""tool"":""check"",""key"":""",3,"Completion mode requires answering all answerable items before navigation; missing keys: ['trust_coverage', 'mood_impact', 'age', 'follow_by_age', 'employment_status', 'watch_time', 'attention_text_mid', 'country_satisfa",0,,0,,2,"Number value below min constraint: {'tool': 'fill', 'key': 'age', 'value': '10'}",0,,0,
completion,run_87,C:\VSCode Workspace\Attention Agents\Agent\runs\survey_v1\minicpm-v-2_6\completion\run_87,f1dcb5f85b23d36d4c2772a783eb5a9b,15,10,5,0,0,planning_completeness,planning,True,5,"Completion mode requires answering all answerable items before navigation; missing keys: ['trust_coverage', 'mood_impact', 'future_interest', 'favorite_moment']",,,,15,5,False,,,,0,0,False,5,"VLM did not return JSON array. Raw: {   ""actions"": [     {""tool"": ""click"", ""key"": ""next""},     {""tool"": ""fill"", ""key"": ""age"", ""value"": ""25""},     {""tool"": ""select"", ""key"": ""trust_coverage"", ""value"": ""Strongly agree""},   ",5,"Completion mode requires answering all answerable items before navigation; missing keys: ['trust_coverage', 'mood_impact', 'future_interest', 'favorite_moment']",0,,3,"Select value must match ACTION_SPACE option: {'tool': 'select', 'key': 'future_interest', 'value': 'Strongly agree'}",2,"Number value below min constraint: {'tool': 'fill', 'key': 'age', 'value': '10'}",0,,0,
completion,run_88,C:\VSCode Workspace\Attention Agents\Agent\runs\survey_v1\minicpm-v-2_6\completion\run_88,d61cbcf01856bbe7577f050ec32617ca,15,5,10,0,0,answer_option_mapping,answer,True,5,"Completion mode requires answering all answerable items before navigation; missing keys: ['trust_coverage', 'mood_impact', 'attention_text_mid', 'country_satisfaction', 'future_interest', 'favorite_moment']",,,,15,5,False,,,,0,0,False,4,"VLM did not return JSON array. Raw: Here is the updated plan with corrections and a final click on ""next"": ```json [{""tool"": ""select"", ""key"": ""attention_text_mid"", ""value"": ""Neutral""}, {""tool"": ""select"", ""key"": ""attentio",1,"Completion mode requires answering all answerable items before navigation; missing keys: ['trust_coverage', 'mood_impact', 'attention_text_mid', 'country_satisfaction', 'future_interest', 'favorite_moment']",0,,6,"Select value must match ACTION_SPACE option: {'tool': 'select', 'key': 'future_interest', 'value': 'Strongly likely'}",4,"Number value below min constraint: {'tool': 'fill', 'key': 'age', 'value': '1'}",0,,0,
completion,run_89,C:\VSCode Workspace\Attention Agents\Agent\runs\survey_v1\minicpm-v-2_6\completion\run_89,283a98ea2f96301fbd1b349dea0fd47e,15,11,4,0,0,planning_format,planning,True,5,"Completion mode requires answering all answerable items before navigation; missing keys: ['trust_coverage', 'mood_impact', 'age', 'follow_by_age', 'employment_status', 'watch_time', 'attention_text_mid', 'country_satisfaction', 'future_interest', 'favorite_moment']",,,,15,5,False,,,,0,0,False,6,"VLM did not return JSON array. Raw: [{""tool"": ""set_range"", ""key"": ""watch_time"", ""value"": 5.0}, {""tool"": ""select"", ""key"": ""follow_by_age"", ""value"": ""highlights_only""}, {""tool"": ""select"", ""key"": ""employment_status"", ""value",5,"Completion mode requires answering all answerable items before navigation; missing keys: ['trust_coverage', 'mood_impact', 'age', 'follow_by_age', 'employment_status', 'watch_time', 'attention_text_mid', 'country_satisfa",0,,0,,4,"Number value below min constraint: {'tool': 'fill', 'key': 'age', 'value': '1'}",0,,0,
completion,run_90,C:\VSCode Workspace\Attention Agents\Agent\runs\survey_v1\minicpm-v-2_6\completion\run_90,1525337de0fa16a5534f3d21a730ee0d,15,11,4,0,0,planning_format,planning,True,5,"Completion mode requires answering all answerable items before navigation; missing keys: ['trust_coverage', 'mood_impact', 'age', 'follow_by_age', 'employment_status', 'watch_time', 'attention_text_mid', 'country_satisfaction', 'future_interest', 'favorite_moment']",,,,15,5,False,,,,0,0,False,8,"VLM did not return JSON array. Raw: [{""tool"":""set_range"",""key"":""<field_key>"",""value"":<number>}]",2,"Completion mode requires answering all answerable items before navigation; missing keys: ['trust_coverage', 'mood_impact', 'age', 'follow_by_age', 'employment_status', 'watch_time', 'attention_text_mid', 'country_satisfa",1,"Key not in ACTION_SPACE: {'tool': 'fill', 'key': 'q_age', 'value': '1'}",0,,4,"Number value below min constraint: {'tool': 'fill', 'key': 'age', 'value': '1'}",0,,0,
completion,run_91,C:\VSCode Workspace\Attention Agents\Agent\runs\survey_v1\minicpm-v-2_6\completion\run_91,cf8241b4f4d1fb327ae6654263df791b,15,11,4,0,0,planning_completeness,planning,True,5,"Completion mode requires answering all answerable items before navigation; missing keys: ['trust_coverage', 'mood_impact', 'age', 'follow_by_age', 'employment_status', 'watch_time', 'attention_text_mid', 'country_satisfaction', 'future_interest', 'favorite_moment']",,,,15,5,False,,,,0,0,False,3,"VLM did not return JSON array. Raw: [   {""tool"": ""click"", ""key"": ""next""},   {""tool"": ""set_range"", ""key"": ""watch_time"", ""value"": 3.0},   {""tool"": ""select"", ""key"": ""follow_by_age"", ""value"": ""highlights_only""},   {""tool"": """,8,"Completion mode requires answering all answerable items before navigation; missing keys: ['trust_coverage', 'mood_impact', 'age', 'follow_by_age', 'employment_status', 'watch_time', 'attention_text_mid', 'country_satisfa",0,,0,,4,"Missing/invalid value for fill: {'tool': 'fill', 'key': 'age', 'value': ''}",0,,0,
completion,run_92,C:\VSCode Workspace\Attention Agents\Agent\runs\survey_v1\minicpm-v-2_6\completion\run_92,72b1d1fefa8e8b8b164d21597824f238,15,12,3,0,0,planning_format,planning,True,5,"Completion mode requires answering all answerable items before navigation; missing keys: ['mood_impact', 'employment_status', 'attention_text_mid', 'country_satisfaction', 'future_interest', 'favorite_moment']",,,,15,5,False,,,,0,0,False,9,"Model output must be a JSON array, got: dict",2,"Completion mode requires answering all answerable items before navigation; missing keys: ['mood_impact', 'employment_status', 'attention_text_mid', 'country_satisfaction', 'future_interest', 'favorite_moment']",1,"Key not in ACTION_SPACE: {'tool': 'fill', 'key': '<field_key>', 'value': '<string>'}",0,,3,"Missing/invalid value for fill: {'tool': 'select', 'key': 'age', 'value': ''}",0,,0,
completion,run_93,C:\VSCode Workspace\Attention Agents\Agent\runs\survey_v1\minicpm-v-2_6\completion\run_93,2db029fba676000bdc8908f30724909c,15,9,6,0,0,planning_completeness,planning,True,5,"Completion mode requires answering all answerable items before navigation; missing keys: ['trust_coverage', 'mood_impact', 'employment_status', 'attention_text_mid', 'country_satisfaction', 'future_interest', 'favorite_moment']",,,,15,5,False,,,,0,0,False,0,,9,"Completion mode requires answering all answerable items before navigation; missing keys: ['trust_coverage', 'mood_impact', 'employment_status', 'attention_text_mid', 'country_satisfaction', 'future_interest', 'favorite_m",0,,0,,6,"Number value below min constraint: {'tool': 'fill', 'key': 'age', 'value': '1'}",0,,0,
completion,run_94,C:\VSCode Workspace\Attention Agents\Agent\runs\survey_v1\minicpm-v-2_6\completion\run_94,bb0286c628bf66bfee66cab9ee772680,15,7,8,0,0,answer_value_constraints,answer,True,5,"Completion mode requires answering all answerable items before navigation; missing keys: ['trust_coverage', 'attention_text_mid', 'country_satisfaction', 'future_interest']",,,,15,5,False,,,,0,0,False,5,"Model output must be a JSON array, got: dict",2,"Completion mode requires answering all answerable items before navigation; missing keys: ['trust_coverage', 'attention_text_mid', 'country_satisfaction', 'future_interest']",0,,3,"Select value must match ACTION_SPACE option: {'tool': 'select', 'key': 'future_interest', 'value': 'Strongly likely'}",5,"Missing/invalid numeric value for set_range: {'tool': 'click', 'key': 'country_satisfaction'}",0,,0,
completion,run_95,C:\VSCode Workspace\Attention Agents\Agent\runs\survey_v1\minicpm-v-2_6\completion\run_95,04f6e1bf32cf462f60d40898e774f537,15,4,11,0,0,answer_value_constraints,answer,True,5,"Completion mode requires answering all answerable items before navigation; missing keys: ['trust_coverage', 'mood_impact', 'follow_by_age', 'employment_status', 'attention_text_mid', 'future_interest', 'favorite_moment']",,,,15,5,False,,,,0,0,False,0,,4,"Completion mode requires answering all answerable items before navigation; missing keys: ['trust_coverage', 'mood_impact', 'follow_by_age', 'employment_status', 'attention_text_mid', 'future_interest', 'favorite_moment']",0,,5,"Select value must match ACTION_SPACE option: {'tool': 'select', 'key': 'future_interest', 'value': 'Strongly likely'}",6,"Missing/invalid value for fill: {'tool': 'fill', 'key': 'age', 'value': ''}",0,,0,
completion,run_96,C:\VSCode Workspace\Attention Agents\Agent\runs\survey_v1\minicpm-v-2_6\completion\run_96,fcce1ce46d2924e05895e1da0f6e9e21,15,10,5,0,0,planning_completeness,planning,True,5,"Completion mode requires answering all answerable items before navigation; missing keys: ['trust_coverage', 'mood_impact', 'age', 'follow_by_age', 'employment_status', 'watch_time', 'attention_text_mid', 'country_satisfaction', 'future_interest', 'favorite_moment']",,,,15,5,False,,,,0,0,False,5,"VLM did not return JSON array. Raw: [{""tool"":""fill"",""key"":""<field_key>"",""value"":""<string>""} for missing fields]",5,"Completion mode requires answering all answerable items before navigation; missing keys: ['trust_coverage', 'mood_impact', 'age', 'follow_by_age', 'employment_status', 'watch_time', 'attention_text_mid', 'country_satisfa",0,,2,"Select value must match ACTION_SPACE option: {'tool': 'select', 'key': 'attention_text_mid', 'value': 'Strongly agree'}",3,"Missing/invalid value for fill: {'tool': 'select', 'key': 'age', 'value': ''}",0,,0,
completion,run_97,C:\VSCode Workspace\Attention Agents\Agent\runs\survey_v1\minicpm-v-2_6\completion\run_97,09010f5f7cc2f836409948e78a829544,15,15,0,0,0,planning_format,planning,True,5,"Completion mode requires answering all answerable items before navigation; missing keys: ['trust_coverage', 'mood_impact', 'age', 'follow_by_age', 'employment_status', 'watch_time', 'attention_text_mid', 'country_satisfaction', 'future_interest', 'favorite_moment']",,,,15,5,False,,,,0,0,False,10,"VLM did not return JSON array. Raw: Here's the modified plan that addresses the validation feedback and ensures all required answerable items are included before any navigation actions:  - fill:   Signature: {""tool"":""fil",5,"Completion mode requires answering all answerable items before navigation; missing keys: ['trust_coverage', 'mood_impact', 'age', 'follow_by_age', 'employment_status', 'watch_time', 'attention_text_mid', 'country_satisfa",0,,0,,0,,0,,0,
completion,run_98,C:\VSCode Workspace\Attention Agents\Agent\runs\survey_v1\minicpm-v-2_6\completion\run_98,4b8925a9a1ca16d4300b644f24b6f9d1,15,10,5,0,0,planning_completeness,planning,True,5,"Completion mode requires answering all answerable items before navigation; missing keys: ['trust_coverage', 'mood_impact', 'age', 'follow_by_age', 'employment_status', 'watch_time', 'attention_text_mid', 'country_satisfaction', 'future_interest', 'favorite_moment']",,,,15,5,False,,,,0,0,False,2,"VLM did not return JSON array. Raw: [{""tool"":""set_range"",""key"":""watch_time"",""value"":1}] [{""tool"":""fill"",""key"":""age"",""value"":""24""}] [{""tool"":""click"",""key"":""next""}]",8,"Completion mode requires answering all answerable items before navigation; missing keys: ['trust_coverage', 'mood_impact', 'age', 'follow_by_age', 'employment_status', 'watch_time', 'attention_text_mid', 'country_satisfa",0,,1,"Select value must match ACTION_SPACE option: {'tool': 'select', 'key': 'employment_status', 'value': 'not_much'}",4,"Missing/invalid value for fill: {'tool': 'fill', 'key': 'age', 'value': ''}",0,,0,
completion,run_99,C:\VSCode Workspace\Attention Agents\Agent\runs\survey_v1\minicpm-v-2_6\completion\run_99,bff415273e403248de6482f397903ccc,15,9,6,0,0,planning_format,planning,True,5,"Completion mode requires answering all answerable items before navigation; missing keys: ['trust_coverage', 'mood_impact', 'age', 'follow_by_age', 'employment_status', 'watch_time', 'attention_text_mid', 'country_satisfaction', 'future_interest', 'favorite_moment']",,,,15,5,False,,,,0,0,False,5,"VLM did not return JSON array. Raw: [{""tool"": ""click"", ""key"": ""next""}, {""tool"": ""select"", ""key"": ""trust_coverage"", ""value"": ""Strongly disagree""}, {""tool"": ""select"", ""key"": ""mood_impact"", ""value"": ""Disagree""}, {""tool"": ""f",4,"Completion mode requires answering all answerable items before navigation; missing keys: ['trust_coverage', 'mood_impact', 'age', 'follow_by_age', 'employment_status', 'watch_time', 'attention_text_mid', 'country_satisfa",0,,3,"Select value must match ACTION_SPACE option: {'tool': 'select', 'key': 'future_interest', 'value': 'Strongly agree', 'selector': '#q_future_interest >> nth=1'}",3,"Missing/invalid value for fill: {'tool': 'fill', 'key': 'age', 'value': ''}",0,,0,
completion,run_100,C:\VSCode Workspace\Attention Agents\Agent\runs\survey_v1\minicpm-v-2_6\completion\run_100,cb41236223045c5b356abb906b395204,15,10,5,0,0,planning_format,planning,True,5,"Completion mode requires answering all answerable items before navigation; missing keys: ['attention_text_mid', 'country_satisfaction', 'future_interest', 'favorite_moment']",,,,15,5,False,,,,0,0,False,6,"VLM did not return JSON array. Raw: [   {""tool"": ""click"", ""key"": ""next""},   {""tool"": ""set_range"", ""key"": ""watch_time"", ""value"": ""1.0""},   {""tool"": ""select"", ""key"": ""employment_status"", ""value"": ""full_time""},   {""tool"": """,4,"Completion mode requires answering all answerable items before navigation; missing keys: ['attention_text_mid', 'country_satisfaction', 'future_interest', 'favorite_moment']",0,,0,,5,"Number value below min constraint: {'tool': 'fill', 'key': 'age', 'value': '1'}",0,,0,
