mode,run_name,session_id,plan_reject_count,planning_failure_count,answer_failure_count,infra_failure_count,other_failure_count,dominant_category,dominant_failure_type,stalled,empty_plan_count,first_error,text_success_attempt,text_success_observe_index,text_total_attempts_until_success,text_total_attempts_observed,text_observe_blocks,text_success_found,image_success_attempt,image_success_observe_index,image_total_attempts_until_success,image_total_attempts_observed,image_observe_blocks,image_success_found,category_planning_format,sample_planning_format,category_planning_completeness,sample_planning_completeness,category_planning_schema_key,sample_planning_schema_key,category_answer_option_mapping,sample_answer_option_mapping,category_answer_value_constraints,sample_answer_value_constraints,category_infra_or_transport,sample_infra_or_transport,category_other,sample_other
unconstrained,run_1,6fe137a4b27230cb90f1d74dd0100ab3,7,0,7,0,0,answer_value_constraints,answer,False,3,"Missing/invalid value for fill: {'tool': 'fill', 'key': 'age', 'value': ''}",1,3,7,7,3,True,2,1,2,2,1,True,0,,0,,0,,1,"Check value must match ACTION_SPACE option label/value: {'tool': 'check', 'key': 'trust_coverage', 'value': ''}",6,"Missing/invalid value for fill: {'tool': 'fill', 'key': 'age', 'value': ''}",0,,0,
unconstrained,run_2,4e3060afe38f0a40256823f87a40eefb,6,2,2,2,0,infra_or_transport,planning,False,2,"Missing/invalid value for fill: {'tool': 'fill', 'key': 'age', 'value': ''}",3,2,6,6,2,True,2,1,2,2,1,True,2,"LLM did not return JSON array. Raw: Here is the JSON array of action intents:  [     {""tool"": ""check"", ""key"": ""trust_coverage"", ""value"": ""Strongly disagree""},     {""tool"": ""check"", ""key"": ""mood_impact"", ""value"": ""Strongl",0,,0,,0,,2,"Missing/invalid value for fill: {'tool': 'fill', 'key': 'age', 'value': ''}",2,Client error '400 Bad Request' for url 'http://127.0.0.1:1234/v1/chat/completions' For more information check: https://developer.mozilla.org/en-US/docs/Web/HTTP/Status/400,0,
unconstrained,run_3,dcb279bd45032b07ef083120184df51e,7,0,7,0,0,answer_value_constraints,answer,False,3,"Missing/invalid value for fill: {'tool': 'fill', 'key': 'age', 'value': ''}",1,3,7,7,3,True,2,1,2,2,1,True,0,,0,,0,,2,"Check value must match ACTION_SPACE option label/value: {'tool': 'check', 'key': 'trust_coverage', 'value': ''}",5,"Missing/invalid value for fill: {'tool': 'fill', 'key': 'age', 'value': ''}",0,,0,
unconstrained,run_4,e4c56a086107d69ee2a099792c2e46e0,7,0,7,0,0,answer_value_constraints,answer,False,3,"Missing/invalid value for fill: {'tool': 'fill', 'key': 'age', 'value': ''}",1,3,7,7,3,True,2,1,2,2,1,True,0,,0,,0,,2,"Check value must match ACTION_SPACE option label/value: {'tool': 'check', 'key': 'trust_coverage', 'value': ''}",5,"Missing/invalid value for fill: {'tool': 'fill', 'key': 'age', 'value': ''}",0,,0,
unconstrained,run_5,dfa2811eba0da5f2142d61dc01fcd50f,21,2,18,1,0,answer_value_constraints,answer,False,6,"Missing/invalid value for fill: {'tool': 'fill', 'key': 'age', 'value': ''}",2,2,5,23,8,True,2,1,2,2,1,True,2,"LLM did not return JSON array. Raw: Here is the JSON array of action intents:  ``` [   {""tool"": ""fill"", ""key"": ""age"", ""value"": """"}, // missing/invalid value for fill   {""tool"": ""check"", ""key"": ""trust_coverage"", ""value"": ",0,,0,,5,"Check value must match ACTION_SPACE option label/value: {'tool': 'check', 'key': 'trust_coverage', 'value': ''}",13,"Missing/invalid value for fill: {'tool': 'fill', 'key': 'age', 'value': ''}",1,Client error '400 Bad Request' for url 'http://127.0.0.1:1234/v1/chat/completions' For more information check: https://developer.mozilla.org/en-US/docs/Web/HTTP/Status/400,0,
unconstrained,run_6,ef0a3e50785d22129f490fa0d5f079ec,7,0,7,0,0,answer_value_constraints,answer,False,3,"Missing/invalid value for fill: {'tool': 'fill', 'key': 'age', 'value': ''}",1,3,7,7,3,True,2,1,2,2,1,True,0,,0,,0,,1,"Check value must match ACTION_SPACE option label/value: {'tool': 'check', 'key': 'trust_coverage', 'value': ''}",6,"Missing/invalid value for fill: {'tool': 'fill', 'key': 'age', 'value': ''}",0,,0,
unconstrained,run_7,619926f51738b5085e606d2e2a14107e,4,0,4,0,0,answer_value_constraints,answer,False,2,"Missing/invalid value for fill: {'tool': 'fill', 'key': 'age', 'value': ''}",1,2,4,4,2,True,2,1,2,2,1,True,0,,0,,0,,1,"Check value must match ACTION_SPACE option label/value: {'tool': 'check', 'key': 'trust_coverage', 'value': ''}",3,"Missing/invalid value for fill: {'tool': 'fill', 'key': 'age', 'value': ''}",0,,0,
unconstrained,run_8,ffa5e5708502310ef0b4958894b52a68,18,4,12,2,0,answer_value_constraints,answer,False,6,"Missing/invalid value for fill: {'tool': 'fill', 'key': 'age', 'value': ''}",3,4,12,19,7,True,2,1,2,2,1,True,4,"LLM did not return JSON array. Raw: Here is the JSON array of action intents:  ``` [     {""tool"": ""check"", ""key"": ""trust_coverage"", ""value"": ""Strongly disagree""},     {""tool"": ""check"", ""key"": ""mood_impact"", ""value"": ""Dis",0,,0,,5,"Select value must match ACTION_SPACE option: {'tool': 'select', 'key': 'follow_by_age', 'value': ''}",7,"Missing/invalid value for fill: {'tool': 'fill', 'key': 'age', 'value': ''}",2,Client error '400 Bad Request' for url 'http://127.0.0.1:1234/v1/chat/completions' For more information check: https://developer.mozilla.org/en-US/docs/Web/HTTP/Status/400,0,
unconstrained,run_9,0c00740d68c92e5c5d08c6c45af97f7b,9,0,9,0,0,answer_value_constraints,answer,False,3,"Missing/invalid value for fill: {'tool': 'fill', 'key': 'age', 'value': ''}",3,3,9,9,3,True,2,1,2,2,1,True,0,,0,,0,,2,"Check value must match ACTION_SPACE option label/value: {'tool': 'check', 'key': 'trust_coverage', 'value': ''}",7,"Missing/invalid value for fill: {'tool': 'fill', 'key': 'age', 'value': ''}",0,,0,
unconstrained,run_10,6d37971675aab415a485ea285c7210f1,3,0,3,0,0,answer_value_constraints,answer,False,1,"Check value must match ACTION_SPACE option label/value: {'tool': 'check', 'key': 'trust_coverage', 'value': ''}",3,1,3,3,1,True,2,1,2,2,1,True,0,,0,,0,,1,"Check value must match ACTION_SPACE option label/value: {'tool': 'check', 'key': 'trust_coverage', 'value': ''}",2,"Missing/invalid value for fill: {'tool': 'fill', 'key': 'age', 'value': ''}",0,,0,
unconstrained,run_11,61875d8b56b512a89febdcb93536e6fe,9,0,9,0,0,answer_value_constraints,answer,False,3,"Missing/invalid value for fill: {'tool': 'fill', 'key': 'age', 'value': ''}",3,3,9,9,3,True,2,1,2,2,1,True,0,,0,,0,,1,"Check value must match ACTION_SPACE option label/value: {'tool': 'check', 'key': 'trust_coverage', 'value': ''}",8,"Missing/invalid value for fill: {'tool': 'fill', 'key': 'age', 'value': ''}",0,,0,
unconstrained,run_12,6005798f04bddc92db80dfd7bbe0aae3,5,0,5,0,0,answer_value_constraints,answer,False,2,"Missing/invalid value for fill: {'tool': 'fill', 'key': 'age', 'value': ''}",2,2,5,5,2,True,2,1,2,2,1,True,0,,0,,0,,1,"Check value must match ACTION_SPACE option label/value: {'tool': 'check', 'key': 'trust_coverage', 'value': ''}",4,"Missing/invalid value for fill: {'tool': 'fill', 'key': 'age', 'value': ''}",0,,0,
unconstrained,run_13,dcea2279a251d231ea8bbad8a93d7f07,6,0,6,0,0,answer_value_constraints,answer,False,2,"Missing/invalid value for fill: {'tool': 'fill', 'key': 'age', 'value': ''}",3,2,6,6,2,True,2,1,2,2,1,True,0,,0,,0,,1,"Check value must match ACTION_SPACE option label/value: {'tool': 'check', 'key': 'trust_coverage', 'value': ''}",5,"Missing/invalid value for fill: {'tool': 'fill', 'key': 'age', 'value': ''}",0,,0,
unconstrained,run_14,540cf0ca5b407b7091a5ce8c3e2234e7,5,0,5,0,0,answer_value_constraints,answer,False,2,"Missing/invalid value for fill: {'tool': 'fill', 'key': 'age', 'value': ''}",2,2,5,5,2,True,2,1,2,2,1,True,0,,0,,0,,1,"Check value must match ACTION_SPACE option label/value: {'tool': 'check', 'key': 'trust_coverage', 'value': ''}",4,"Missing/invalid value for fill: {'tool': 'fill', 'key': 'age', 'value': ''}",0,,0,
unconstrained,run_15,e0b887fe3d2d1291496aa6c808ce1262,4,0,4,0,0,answer_value_constraints,answer,False,2,"Missing/invalid value for fill: {'tool': 'fill', 'key': 'age', 'value': ''}",1,2,4,4,2,True,2,1,2,2,1,True,0,,0,,0,,1,"Check value must match ACTION_SPACE option label/value: {'tool': 'check', 'key': 'trust_coverage', 'value': ''}",3,"Missing/invalid value for fill: {'tool': 'fill', 'key': 'age', 'value': ''}",0,,0,
unconstrained,run_16,70a5c540482916ce7549095b93da60c9,7,0,7,0,0,answer_value_constraints,answer,False,3,"Missing/invalid value for fill: {'tool': 'fill', 'key': 'age', 'value': ''}",1,3,7,7,3,True,2,1,2,2,1,True,0,,0,,0,,2,"Check value must match ACTION_SPACE option label/value: {'tool': 'check', 'key': 'trust_coverage', 'value': ''}",5,"Missing/invalid value for fill: {'tool': 'fill', 'key': 'age', 'value': ''}",0,,0,
unconstrained,run_17,7d189799899a2bc9ead0908dab694097,15,5,8,2,0,answer_value_constraints,answer,True,5,"Missing/invalid value for fill: {'tool': 'fill', 'key': 'age', 'value': ''}",,,,15,5,False,,,,0,0,False,5,"LLM did not return JSON array. Raw: Here is the JSON array of action intents: ``` [   {""tool"": ""fill"", ""key"": ""age"", ""value"": """"}, // invalid input, should be a number   {""tool"": ""check"", ""key"": ""trust_coverage"", ""value""",0,,0,,1,"Check value must match ACTION_SPACE option label/value: {'tool': 'check', 'key': 'trust_coverage', 'value': ''}",7,"Missing/invalid value for fill: {'tool': 'fill', 'key': 'age', 'value': ''}",2,Client error '400 Bad Request' for url 'http://127.0.0.1:1234/v1/chat/completions' For more information check: https://developer.mozilla.org/en-US/docs/Web/HTTP/Status/400,0,
unconstrained,run_18,0380dacdbcd43c5c14fc4a3221dc93cd,3,0,3,0,0,answer_value_constraints,answer,False,1,"Check value must match ACTION_SPACE option label/value: {'tool': 'check', 'key': 'trust_coverage', 'value': ''}",3,1,3,3,1,True,2,1,2,2,1,True,0,,0,,0,,1,"Check value must match ACTION_SPACE option label/value: {'tool': 'check', 'key': 'trust_coverage', 'value': ''}",2,"Missing/invalid value for fill: {'tool': 'fill', 'key': 'age', 'value': ''}",0,,0,
unconstrained,run_19,54b3841178dd4091781d210efc562627,5,0,5,0,0,answer_value_constraints,answer,False,2,"Missing/invalid value for fill: {'tool': 'fill', 'key': 'age', 'value': ''}",2,2,5,5,2,True,2,1,2,2,1,True,0,,0,,0,,1,"Check value must match ACTION_SPACE option label/value: {'tool': 'check', 'key': 'trust_coverage', 'value': ''}",4,"Missing/invalid value for fill: {'tool': 'fill', 'key': 'age', 'value': ''}",0,,0,
unconstrained,run_20,4e072b95a555b5f6fbbea96dc258905a,4,0,4,0,0,answer_value_constraints,answer,False,2,"Missing/invalid value for fill: {'tool': 'fill', 'key': 'age', 'value': ''}",1,2,4,4,2,True,2,1,2,2,1,True,0,,0,,0,,0,,4,"Missing/invalid value for fill: {'tool': 'fill', 'key': 'age', 'value': ''}",0,,0,
unconstrained,run_21,6ac217bb2d42b7f97b63a548f94be031,12,0,12,0,0,answer_value_constraints,answer,False,4,"Missing/invalid value for fill: {'tool': 'fill', 'key': 'age', 'value': ''}",3,4,12,12,4,True,2,1,2,2,1,True,0,,0,,0,,3,"Check value must match ACTION_SPACE option label/value: {'tool': 'check', 'key': 'trust_coverage', 'value': ''}",9,"Missing/invalid value for fill: {'tool': 'fill', 'key': 'age', 'value': ''}",0,,0,
unconstrained,run_22,825f87466bfc0045c810c50c2bf68a51,11,0,11,0,0,answer_value_constraints,answer,False,4,"Missing/invalid value for fill: {'tool': 'fill', 'key': 'age', 'value': ''}",2,4,11,11,4,True,2,1,2,2,1,True,0,,0,,0,,3,"Check value must match ACTION_SPACE option label/value: {'tool': 'check', 'key': 'trust_coverage', 'value': ''}",8,"Missing/invalid value for fill: {'tool': 'fill', 'key': 'age', 'value': ''}",0,,0,
unconstrained,run_23,95f30ae2e169cd0edbf2bc71de6391c7,15,7,3,5,0,planning_format,planning,True,5,"Check value must match ACTION_SPACE option label/value: {'tool': 'check', 'key': 'trust_coverage', 'value': ''}",,,,15,5,False,,,,0,0,False,7,"LLM did not return JSON array. Raw: Here is the JSON array of action intents:  ``` [   {""tool"": ""check"", ""key"": ""trust_coverage"", ""value"": ""Strongly disagree""},   {""tool"": ""check"", ""key"": ""mood_impact"", ""value"": ""Disagre",0,,0,,1,"Check value must match ACTION_SPACE option label/value: {'tool': 'check', 'key': 'trust_coverage', 'value': ''}",2,"Missing/invalid value for fill: {'tool': 'fill', 'key': 'age', 'value': ''}",5,Client error '400 Bad Request' for url 'http://127.0.0.1:1234/v1/chat/completions' For more information check: https://developer.mozilla.org/en-US/docs/Web/HTTP/Status/400,0,
unconstrained,run_24,8faafa204bbdea31f500b08ab6e563b5,8,0,8,0,0,answer_value_constraints,answer,False,3,"Missing/invalid value for fill: {'tool': 'fill', 'key': 'age', 'value': ''}",2,3,8,8,3,True,2,1,2,2,1,True,0,,0,,0,,2,"Check value must match ACTION_SPACE option label/value: {'tool': 'check', 'key': 'trust_coverage', 'value': ''}",6,"Missing/invalid value for fill: {'tool': 'fill', 'key': 'age', 'value': ''}",0,,0,
unconstrained,run_25,7f60188802454466169e351ae15e1c9c,3,1,2,0,0,answer_value_constraints,answer,False,1,"Missing/invalid value for fill: {'tool': 'fill', 'key': 'age', 'value': ''}",2,1,2,2,1,True,2,1,2,2,1,True,0,,0,,1,"Key not in ACTION_SPACE: {'tool': 'fill', 'key': 'field_1', 'value': ''}",0,,2,"Missing/invalid value for fill: {'tool': 'fill', 'key': 'age', 'value': ''}",0,,0,
unconstrained,run_26,624778e32884bbbd0ecb85fad72c973c,7,0,7,0,0,answer_value_constraints,answer,False,3,"Missing/invalid value for fill: {'tool': 'fill', 'key': 'age', 'value': ''}",1,3,7,7,3,True,2,1,2,2,1,True,0,,0,,0,,1,"Check value must match ACTION_SPACE option label/value: {'tool': 'check', 'key': 'trust_coverage', 'value': ''}",6,"Missing/invalid value for fill: {'tool': 'fill', 'key': 'age', 'value': ''}",0,,0,
unconstrained,run_27,68e82dce5c33c8eda1518758a0df361e,15,0,15,0,0,answer_value_constraints,answer,True,5,"Missing/invalid value for fill: {'tool': 'fill', 'key': 'age', 'value': ''}",,,,15,5,False,,,,0,0,False,0,,0,,0,,5,"Check value must match ACTION_SPACE option label/value: {'tool': 'check', 'key': 'trust_coverage', 'value': ''}",10,"Missing/invalid value for fill: {'tool': 'fill', 'key': 'age', 'value': ''}",0,,0,
unconstrained,run_28,111388c63120f76a18403c3e79b048c2,6,2,3,1,0,answer_value_constraints,answer,False,2,"Missing/invalid value for fill: {'tool': 'fill', 'key': 'age', 'value': ''}",3,2,6,6,2,True,2,1,2,2,1,True,2,"LLM did not return JSON array. Raw: Here is the JSON array of action intents:  ``` [     {""tool"": ""check"", ""key"": ""trust_coverage"", ""value"": ""Strongly disagree""},     {""tool"": ""check"", ""key"": ""mood_impact"", ""value"": ""Str",0,,0,,0,,3,"Missing/invalid value for fill: {'tool': 'fill', 'key': 'age', 'value': ''}",1,Client error '400 Bad Request' for url 'http://127.0.0.1:1234/v1/chat/completions' For more information check: https://developer.mozilla.org/en-US/docs/Web/HTTP/Status/400,0,
unconstrained,run_29,3a4afed0389b260e530796fea83b930f,8,0,8,0,0,answer_value_constraints,answer,False,3,"Check value must match ACTION_SPACE option label/value: {'tool': 'check', 'key': 'trust_coverage', 'value': ''}",2,3,8,8,3,True,2,1,2,2,1,True,0,,0,,0,,3,"Check value must match ACTION_SPACE option label/value: {'tool': 'check', 'key': 'trust_coverage', 'value': ''}",5,"Missing/invalid value for fill: {'tool': 'fill', 'key': 'age', 'value': ''}",0,,0,
unconstrained,run_30,cc6d5a49e6f5a7b6ae05c810c071d89a,13,0,13,0,0,answer_value_constraints,answer,False,5,"Missing/invalid value for fill: {'tool': 'fill', 'key': 'age', 'value': ''}",1,5,13,13,5,True,2,1,2,2,1,True,0,,0,,0,,4,"Check value must match ACTION_SPACE option label/value: {'tool': 'check', 'key': 'trust_coverage', 'value': ''}",9,"Missing/invalid value for fill: {'tool': 'fill', 'key': 'age', 'value': ''}",0,,0,
unconstrained,run_31,1dde0c4a19a6a8bb442b0c822252c150,14,0,14,0,0,answer_value_constraints,answer,False,5,"Missing/invalid value for fill: {'tool': 'fill', 'key': 'age', 'value': ''}",2,5,14,14,5,True,2,1,2,2,1,True,0,,0,,0,,4,"Check value must match ACTION_SPACE option label/value: {'tool': 'check', 'key': 'trust_coverage', 'value': ''}",10,"Missing/invalid value for fill: {'tool': 'fill', 'key': 'age', 'value': ''}",0,,0,
unconstrained,run_32,f21ec6f5a2ec887e6aaade95019b1766,12,0,12,0,0,answer_value_constraints,answer,False,4,"Missing/invalid value for fill: {'tool': 'fill', 'key': 'age', 'value': ''}",3,4,12,12,4,True,2,1,2,2,1,True,0,,0,,0,,3,"Check value must match ACTION_SPACE option label/value: {'tool': 'check', 'key': 'trust_coverage', 'value': ''}",9,"Missing/invalid value for fill: {'tool': 'fill', 'key': 'age', 'value': ''}",0,,0,
unconstrained,run_33,7e303f4d93ec2338c2d47386930bd100,7,3,2,2,0,planning_format,planning,False,3,"Missing/invalid value for fill: {'tool': 'fill', 'key': 'age', 'value': ''}",1,3,7,7,3,True,2,1,2,2,1,True,3,"LLM did not return JSON array. Raw: Here is the JSON array of action intents:  ``` [   {""tool"": ""check"", ""key"": ""trust_coverage"", ""value"": ""Strongly disagree""},   {""tool"": ""check"", ""key"": ""mood_impact"", ""value"": ""Strongl",0,,0,,0,,2,"Missing/invalid value for fill: {'tool': 'fill', 'key': 'age', 'value': ''}",2,Client error '400 Bad Request' for url 'http://127.0.0.1:1234/v1/chat/completions' For more information check: https://developer.mozilla.org/en-US/docs/Web/HTTP/Status/400,0,
unconstrained,run_34,be9fae109b36027f31e327ae0f82eedb,6,0,6,0,0,answer_value_constraints,answer,False,2,"Missing/invalid value for fill: {'tool': 'fill', 'key': 'age', 'value': ''}",3,2,6,6,2,True,2,1,2,2,1,True,0,,0,,0,,2,"Check value must match ACTION_SPACE option label/value: {'tool': 'check', 'key': 'trust_coverage', 'value': ''}",4,"Missing/invalid value for fill: {'tool': 'fill', 'key': 'age', 'value': ''}",0,,0,
unconstrained,run_35,def9acc48d5c791fe0fede6718525173,6,2,2,2,0,infra_or_transport,planning,False,2,"Missing/invalid value for fill: {'tool': 'fill', 'key': 'age', 'value': ''}",3,2,6,6,2,True,2,1,2,2,1,True,2,"LLM did not return JSON array. Raw: Here is the JSON array of action intents based on the provided information:  ``` [   {""tool"": ""check"", ""key"": ""trust_coverage"", ""value"": ""Strongly disagree""},   {""tool"": ""check"", ""key""",0,,0,,0,,2,"Missing/invalid value for fill: {'tool': 'fill', 'key': 'age', 'value': ''}",2,Client error '400 Bad Request' for url 'http://127.0.0.1:1234/v1/chat/completions' For more information check: https://developer.mozilla.org/en-US/docs/Web/HTTP/Status/400,0,
unconstrained,run_36,96874a29b3a9319afbb44a092d85a5a1,6,1,5,0,0,answer_value_constraints,answer,False,1,"Missing/invalid value for fill: {'tool': 'fill', 'key': 'age', 'value': ''}",2,2,5,5,2,True,2,1,2,2,1,True,0,,0,,1,"Key not in ACTION_SPACE: {'tool': 'fill', 'key': 'field1', 'value': ''}",1,"Check value must match ACTION_SPACE option label/value: {'tool': 'check', 'key': 'trust_coverage', 'value': ''}",4,"Missing/invalid value for fill: {'tool': 'fill', 'key': 'age', 'value': ''}",0,,0,
unconstrained,run_37,4eeed15e662d45ee4ed42d45dd6e163b,4,0,4,0,0,answer_value_constraints,answer,False,2,"Missing/invalid value for fill: {'tool': 'fill', 'key': 'age', 'value': ''}",1,2,4,4,2,True,2,1,2,2,1,True,0,,0,,0,,1,"Check value must match ACTION_SPACE option label/value: {'tool': 'check', 'key': 'trust_coverage', 'value': ''}",3,"Missing/invalid value for fill: {'tool': 'fill', 'key': 'age', 'value': ''}",0,,0,
unconstrained,run_38,312c858ffa86d562236457b404fc01a9,10,1,9,0,0,answer_value_constraints,answer,False,3,"Missing/invalid value for fill: {'tool': 'fill', 'key': 'age', 'value': ''}",3,3,9,9,3,True,3,1,3,3,1,True,1,"LLM did not return JSON array. Raw: Here is the JSON array of action intents:  ``` [   {""tool"":""check"",""key"":""image_q1"",""value"":""q1_a""},   {""tool"":""check"",""key"":""image_q2"",""value"":""q2_b""},   {""tool"":""check"",""key"":""image_",0,,0,,2,"Check value must match ACTION_SPACE option label/value: {'tool': 'check', 'key': 'trust_coverage', 'value': ''}",7,"Missing/invalid value for fill: {'tool': 'fill', 'key': 'age', 'value': ''}",0,,0,
unconstrained,run_39,a33194deb5ce2113e258232a152d505f,7,2,3,2,0,answer_value_constraints,answer,False,3,"Missing/invalid value for fill: {'tool': 'fill', 'key': 'age', 'value': ''}",1,3,7,7,3,True,2,1,2,2,1,True,2,"LLM did not return JSON array. Raw: Here is the JSON array of action intents:  ``` [     {""tool"": ""check"", ""key"": ""trust_coverage"", ""value"": ""Strongly disagree""},     {""tool"": ""check"", ""key"": ""mood_impact"", ""value"": ""Str",0,,0,,0,,3,"Missing/invalid value for fill: {'tool': 'fill', 'key': 'age', 'value': ''}",2,Client error '400 Bad Request' for url 'http://127.0.0.1:1234/v1/chat/completions' For more information check: https://developer.mozilla.org/en-US/docs/Web/HTTP/Status/400,0,
unconstrained,run_40,bc2c18c25d989fb0b9a9e07e0eed0e11,5,0,5,0,0,answer_value_constraints,answer,False,2,"Missing/invalid value for fill: {'tool': 'fill', 'key': 'age', 'value': ''}",2,2,5,5,2,True,2,1,2,2,1,True,0,,0,,0,,1,"Check value must match ACTION_SPACE option label/value: {'tool': 'check', 'key': 'trust_coverage', 'value': ''}",4,"Missing/invalid value for fill: {'tool': 'fill', 'key': 'age', 'value': ''}",0,,0,
unconstrained,run_41,52745898915d4149dc4998e34cd9acde,6,0,6,0,0,answer_value_constraints,answer,False,2,"Missing/invalid value for fill: {'tool': 'fill', 'key': 'age', 'value': ''}",3,2,6,6,2,True,2,1,2,2,1,True,0,,0,,0,,1,"Check value must match ACTION_SPACE option label/value: {'tool': 'check', 'key': 'trust_coverage', 'value': ''}",5,"Missing/invalid value for fill: {'tool': 'fill', 'key': 'age', 'value': ''}",0,,0,
unconstrained,run_42,0dbb05f74bdd2736272593f595f00798,8,3,3,2,0,planning_format,planning,False,3,"Check value must match ACTION_SPACE option label/value: {'tool': 'check', 'key': 'trust_coverage', 'value': ''}",2,3,8,8,3,True,2,1,2,2,1,True,3,"LLM did not return JSON array. Raw: Here is the JSON array of action intents:  ``` [   {""tool"": ""check"", ""key"": ""trust_coverage"", ""value"": ""Strongly disagree""},   {""tool"": ""check"", ""key"": ""mood_impact"", ""value"": ""Disagre",0,,0,,1,"Check value must match ACTION_SPACE option label/value: {'tool': 'check', 'key': 'trust_coverage', 'value': ''}",2,"Missing/invalid value for fill: {'tool': 'fill', 'key': 'age', 'value': ''}",2,Client error '400 Bad Request' for url 'http://127.0.0.1:1234/v1/chat/completions' For more information check: https://developer.mozilla.org/en-US/docs/Web/HTTP/Status/400,0,
unconstrained,run_43,5aba1eb574f4279f0957facb75a38bd1,3,0,3,0,0,answer_value_constraints,answer,False,1,"Check value must match ACTION_SPACE option label/value: {'tool': 'check', 'key': 'trust_coverage', 'value': ''}",3,1,3,3,1,True,2,1,2,2,1,True,0,,0,,0,,1,"Check value must match ACTION_SPACE option label/value: {'tool': 'check', 'key': 'trust_coverage', 'value': ''}",2,"Missing/invalid value for fill: {'tool': 'fill', 'key': 'age', 'value': ''}",0,,0,
unconstrained,run_44,60baf09dbe01a05013fc7dbdb5ce5d15,5,0,5,0,0,answer_value_constraints,answer,False,2,"Missing/invalid value for fill: {'tool': 'fill', 'key': 'age', 'value': ''}",2,2,5,5,2,True,2,1,2,2,1,True,0,,0,,0,,1,"Check value must match ACTION_SPACE option label/value: {'tool': 'check', 'key': 'trust_coverage', 'value': ''}",4,"Missing/invalid value for fill: {'tool': 'fill', 'key': 'age', 'value': ''}",0,,0,
unconstrained,run_45,3ca07f444bd4c7a3963dd0f867262905,3,0,3,0,0,answer_value_constraints,answer,False,1,"Check value must match ACTION_SPACE option label/value: {'tool': 'check', 'key': 'trust_coverage', 'value': ''}",3,1,3,3,1,True,2,1,2,2,1,True,0,,0,,0,,1,"Check value must match ACTION_SPACE option label/value: {'tool': 'check', 'key': 'trust_coverage', 'value': ''}",2,"Missing/invalid value for fill: {'tool': 'fill', 'key': 'age', 'value': ''}",0,,0,
unconstrained,run_46,ce54138dc2f03b5e6ff34a4ccf1f0a15,8,0,8,0,0,answer_value_constraints,answer,False,3,"Missing/invalid value for fill: {'tool': 'fill', 'key': 'age', 'value': ''}",2,3,8,8,3,True,2,1,2,2,1,True,0,,0,,0,,2,"Check value must match ACTION_SPACE option label/value: {'tool': 'check', 'key': 'trust_coverage', 'value': ''}",6,"Missing/invalid value for fill: {'tool': 'fill', 'key': 'age', 'value': ''}",0,,0,
unconstrained,run_47,74080d5fc932675e74461e88f23863e5,7,0,7,0,0,answer_value_constraints,answer,False,3,"Missing/invalid value for fill: {'tool': 'fill', 'key': 'age', 'value': ''}",1,3,7,7,3,True,2,1,2,2,1,True,0,,0,,0,,1,"Check value must match ACTION_SPACE option label/value: {'tool': 'check', 'key': 'trust_coverage', 'value': ''}",6,"Missing/invalid value for fill: {'tool': 'fill', 'key': 'age', 'value': ''}",0,,0,
unconstrained,run_48,0b029877356b4667ab4109c8ee4135ab,16,6,4,6,0,infra_or_transport,planning,False,6,"Missing/invalid value for fill: {'tool': 'fill', 'key': 'age', 'value': ''}",1,4,10,17,7,True,2,1,2,2,1,True,6,"LLM did not return JSON array. Raw: Here is the JSON array of action intents:  ``` [     {""tool"": ""check"", ""key"": ""trust_coverage"", ""value"": ""Strongly disagree""},     {""tool"": ""check"", ""key"": ""mood_impact"", ""value"": ""Str",0,,0,,0,,4,"Missing/invalid value for fill: {'tool': 'fill', 'key': 'age', 'value': ''}",6,Client error '400 Bad Request' for url 'http://127.0.0.1:1234/v1/chat/completions' For more information check: https://developer.mozilla.org/en-US/docs/Web/HTTP/Status/400,0,
unconstrained,run_49,b18a627217d3edabf20060d31ce39e56,11,0,11,0,0,answer_value_constraints,answer,False,4,"Check value must match ACTION_SPACE option label/value: {'tool': 'check', 'key': 'trust_coverage', 'value': ''}",2,4,11,11,4,True,2,1,2,2,1,True,0,,0,,0,,3,"Check value must match ACTION_SPACE option label/value: {'tool': 'check', 'key': 'trust_coverage', 'value': ''}",8,"Missing/invalid value for fill: {'tool': 'fill', 'key': 'age', 'value': ''}",0,,0,
unconstrained,run_50,621e8c6ccd9143b49b19d3d3048f755d,15,4,10,1,0,answer_value_constraints,answer,True,5,"Missing/invalid value for fill: {'tool': 'fill', 'key': 'age', 'value': ''}",,,,15,5,False,,,,0,0,False,4,"LLM did not return JSON array. Raw: Here is the JSON array of action intents:  ``` [   {""tool"": ""fill"", ""key"": ""age"", ""value"": """"}, // missing/invalid value for fill   {""tool"": ""check"", ""key"": ""trust_coverage"", ""value"": ",0,,0,,5,"Check value must match ACTION_SPACE option label/value: {'tool': 'check', 'key': 'trust_coverage', 'value': ''}",5,"Missing/invalid value for fill: {'tool': 'fill', 'key': 'age', 'value': ''}",1,Client error '400 Bad Request' for url 'http://127.0.0.1:1234/v1/chat/completions' For more information check: https://developer.mozilla.org/en-US/docs/Web/HTTP/Status/400,0,
unconstrained,run_51,c06ee0d3b187cfed4b5055759d76f072,6,0,6,0,0,answer_value_constraints,answer,False,2,"Missing/invalid value for fill: {'tool': 'fill', 'key': 'age', 'value': ''}",3,2,6,6,2,True,2,1,2,2,1,True,0,,0,,0,,2,"Check value must match ACTION_SPACE option label/value: {'tool': 'check', 'key': 'trust_coverage', 'value': ''}",4,"Missing/invalid value for fill: {'tool': 'fill', 'key': 'age', 'value': ''}",0,,0,
unconstrained,run_52,6633be0108fbd5d48bc69ad5c5001c0b,6,2,2,2,0,infra_or_transport,planning,False,2,"Missing/invalid value for fill: {'tool': 'fill', 'key': 'age', 'value': ''}",3,2,6,6,2,True,2,1,2,2,1,True,2,"LLM did not return JSON array. Raw: Here is the JSON array of action intents:  ``` [   {""tool"": ""check"", ""key"": ""trust_coverage"", ""value"": ""Strongly disagree""},   {""tool"": ""check"", ""key"": ""mood_impact"", ""value"": ""Disagre",0,,0,,0,,2,"Missing/invalid value for fill: {'tool': 'fill', 'key': 'age', 'value': ''}",2,Client error '400 Bad Request' for url 'http://127.0.0.1:1234/v1/chat/completions' For more information check: https://developer.mozilla.org/en-US/docs/Web/HTTP/Status/400,0,
unconstrained,run_53,b6fef20f4fb03be7d97c903e5c70896e,15,7,5,3,0,planning_format,planning,True,5,"Missing/invalid value for fill: {'tool': 'fill', 'key': 'age', 'value': ''}",,,,15,5,False,,,,0,0,False,7,"LLM did not return JSON array. Raw: Here is the JSON array of action intents:  [   {""tool"": ""fill"", ""key"": ""age"", ""value"": ""<number>""},    {""tool"": ""select"", ""key"": ""follow_by_age"", ""value"": """"},    {""tool"": ""select"", ""k",0,,0,,2,"Check value must match ACTION_SPACE option label/value: {'tool': 'check', 'key': 'trust_coverage', 'value': ''}",3,"Missing/invalid value for fill: {'tool': 'fill', 'key': 'age', 'value': ''}",3,Client error '400 Bad Request' for url 'http://127.0.0.1:1234/v1/chat/completions' For more information check: https://developer.mozilla.org/en-US/docs/Web/HTTP/Status/400,0,
unconstrained,run_54,aa97552ba1160f4f7d9b8a58b6c2249d,5,0,5,0,0,answer_value_constraints,answer,False,2,"Missing/invalid value for fill: {'tool': 'fill', 'key': 'age', 'value': ''}",2,2,5,5,2,True,2,1,2,2,1,True,0,,0,,0,,1,"Check value must match ACTION_SPACE option label/value: {'tool': 'check', 'key': 'trust_coverage', 'value': ''}",4,"Missing/invalid value for fill: {'tool': 'fill', 'key': 'age', 'value': ''}",0,,0,
unconstrained,run_55,051e5b075f0f8bcd2117a645eefe0e5c,15,2,12,1,0,answer_value_constraints,answer,True,5,"Missing/invalid value for fill: {'tool': 'fill', 'key': 'age', 'value': ''}",,,,15,5,False,,,,0,0,False,2,"LLM did not return JSON array. Raw: Here is the JSON array of action intents:  ``` [     {""tool"": ""check"", ""key"": ""trust_coverage"", ""value"": ""Strongly disagree""},     {""tool"": ""check"", ""key"": ""mood_impact"", ""value"": ""Str",0,,0,,4,"Check value must match ACTION_SPACE option label/value: {'tool': 'check', 'key': 'trust_coverage', 'value': ''}",8,"Missing/invalid value for fill: {'tool': 'fill', 'key': 'age', 'value': ''}",1,Client error '400 Bad Request' for url 'http://127.0.0.1:1234/v1/chat/completions' For more information check: https://developer.mozilla.org/en-US/docs/Web/HTTP/Status/400,0,
unconstrained,run_56,c15a286961d4c9ada0547bf6bce103d5,4,0,4,0,0,answer_value_constraints,answer,False,2,"Missing/invalid value for fill: {'tool': 'fill', 'key': 'age', 'value': ''}",1,2,4,4,2,True,2,1,2,2,1,True,0,,0,,0,,1,"Check value must match ACTION_SPACE option label/value: {'tool': 'check', 'key': 'trust_coverage', 'value': ''}",3,"Missing/invalid value for fill: {'tool': 'fill', 'key': 'age', 'value': ''}",0,,0,
unconstrained,run_57,f5596d47acabab53892b428860e44e80,9,0,9,0,0,answer_value_constraints,answer,False,3,"Missing/invalid value for fill: {'tool': 'fill', 'key': 'age', 'value': ''}",3,3,9,9,3,True,2,1,2,2,1,True,0,,0,,0,,3,"Check value must match ACTION_SPACE option label/value: {'tool': 'check', 'key': 'trust_coverage', 'value': ''}",6,"Missing/invalid value for fill: {'tool': 'fill', 'key': 'age', 'value': ''}",0,,0,
unconstrained,run_58,01ae82f253ee1300aa09a99c1f8d8b62,6,2,2,2,0,infra_or_transport,planning,False,2,"Missing/invalid value for fill: {'tool': 'fill', 'key': 'age', 'value': ''}",3,2,6,6,2,True,2,1,2,2,1,True,2,"LLM did not return JSON array. Raw: Here is the JSON array of action intents:  ``` [   {""tool"": ""check"", ""key"": ""trust_coverage"", ""value"": ""Strongly disagree""},   {""tool"": ""check"", ""key"": ""mood_impact"", ""value"": ""Disagre",0,,0,,0,,2,"Missing/invalid value for fill: {'tool': 'fill', 'key': 'age', 'value': ''}",2,Client error '400 Bad Request' for url 'http://127.0.0.1:1234/v1/chat/completions' For more information check: https://developer.mozilla.org/en-US/docs/Web/HTTP/Status/400,0,
unconstrained,run_59,e78718c63887d2f727e80bd2985b2ea8,4,0,4,0,0,answer_value_constraints,answer,False,2,"Missing/invalid value for fill: {'tool': 'fill', 'key': 'age', 'value': ''}",1,2,4,4,2,True,2,1,2,2,1,True,0,,0,,0,,1,"Check value must match ACTION_SPACE option label/value: {'tool': 'check', 'key': 'trust_coverage', 'value': ''}",3,"Missing/invalid value for fill: {'tool': 'fill', 'key': 'age', 'value': ''}",0,,0,
unconstrained,run_60,563bb2f553861f73623487419b16bbd7,9,2,5,2,0,answer_value_constraints,answer,False,3,"Missing/invalid value for fill: {'tool': 'fill', 'key': 'age', 'value': ''}",3,3,9,9,3,True,2,1,2,2,1,True,2,"LLM did not return JSON array. Raw: Here is the JSON array of action intents:  ``` [   {""tool"": ""check"", ""key"": ""trust_coverage"", ""value"": ""Strongly disagree""},   {""tool"": ""check"", ""key"": ""mood_impact"", ""value"": ""Disagre",0,,0,,1,"Check value must match ACTION_SPACE option label/value: {'tool': 'check', 'key': 'trust_coverage', 'value': ''}",4,"Missing/invalid value for fill: {'tool': 'fill', 'key': 'age', 'value': ''}",2,Client error '400 Bad Request' for url 'http://127.0.0.1:1234/v1/chat/completions' For more information check: https://developer.mozilla.org/en-US/docs/Web/HTTP/Status/400,0,
unconstrained,run_61,f0f55c3b87024f38838f90ac78a3a7b7,7,3,2,2,0,infra_or_transport,planning,False,2,"Missing/invalid value for fill: {'tool': 'fill', 'key': 'age', 'value': ''}",3,2,6,6,2,True,2,1,2,2,1,True,2,"LLM did not return JSON array. Raw: Here is the JSON array of action intents:  ``` [   {""tool"": ""check"", ""key"": ""trust_coverage"", ""value"": ""Strongly disagree""},   {""tool"": ""check"", ""key"": ""mood_impact"", ""value"": ""Disagre",0,,1,"Key not in ACTION_SPACE: {'tool': 'fill', 'key': 'field1', 'value': ''}",0,,2,"Missing/invalid value for fill: {'tool': 'fill', 'key': 'age', 'value': ''}",2,Client error '400 Bad Request' for url 'http://127.0.0.1:1234/v1/chat/completions' For more information check: https://developer.mozilla.org/en-US/docs/Web/HTTP/Status/400,0,
unconstrained,run_62,ed0dad7182f53acfbe9c6e8278d3e751,15,3,10,2,0,answer_value_constraints,answer,True,5,"Missing/invalid value for fill: {'tool': 'fill', 'key': 'age', 'value': ''}",,,,15,5,False,,,,0,0,False,3,"LLM did not return JSON array. Raw: Here is the JSON array of action intents:  ``` [   {""tool"": ""check"", ""key"": ""trust_coverage"", ""value"": ""Strongly disagree""},   {""tool"": ""check"", ""key"": ""mood_impact"", ""value"": ""Strongl",0,,0,,3,"Check value must match ACTION_SPACE option label/value: {'tool': 'check', 'key': 'trust_coverage', 'value': ''}",7,"Missing/invalid value for fill: {'tool': 'fill', 'key': 'age', 'value': ''}",2,Client error '400 Bad Request' for url 'http://127.0.0.1:1234/v1/chat/completions' For more information check: https://developer.mozilla.org/en-US/docs/Web/HTTP/Status/400,0,
unconstrained,run_63,8da7af3ce4abd352fab7a804d7db74b7,12,4,3,5,0,infra_or_transport,infra,False,4,"Missing/invalid value for fill: {'tool': 'fill', 'key': 'age', 'value': ''}",3,4,12,12,4,True,2,1,2,2,1,True,4,"LLM did not return JSON array. Raw: Here is the JSON array of action intents:  [     {""tool"": ""check"", ""key"": ""trust_coverage"", ""value"": ""Strongly disagree""},     {""tool"": ""check"", ""key"": ""mood_impact"", ""value"": ""Strongl",0,,0,,0,,3,"Missing/invalid value for fill: {'tool': 'fill', 'key': 'age', 'value': ''}",5,Client error '400 Bad Request' for url 'http://127.0.0.1:1234/v1/chat/completions' For more information check: https://developer.mozilla.org/en-US/docs/Web/HTTP/Status/400,0,
unconstrained,run_64,2a468ae77f685ddebac94d69095ae23a,15,0,15,0,0,answer_value_constraints,answer,True,5,"Missing/invalid value for fill: {'tool': 'fill', 'key': 'age', 'value': ''}",,,,15,5,False,,,,0,0,False,0,,0,,0,,5,"Check value must match ACTION_SPACE option label/value: {'tool': 'check', 'key': 'trust_coverage', 'value': ''}",10,"Missing/invalid value for fill: {'tool': 'fill', 'key': 'age', 'value': ''}",0,,0,
unconstrained,run_65,c90eef9d49813fbd04ee2736814a7aee,15,6,3,6,0,infra_or_transport,planning,True,5,"Missing/invalid value for fill: {'tool': 'fill', 'key': 'age', 'value': ''}",,,,15,5,False,,,,0,0,False,6,"LLM did not return JSON array. Raw: Here are the action intents in JSON format:  ``` [   {""tool"": ""check"", ""key"": ""trust_coverage"", ""value"": ""Strongly disagree""},   {""tool"": ""check"", ""key"": ""mood_impact"", ""value"": ""Stron",0,,0,,1,"Select value must match ACTION_SPACE option: {'tool': 'select', 'key': 'follow_by_age', 'value': ''}",2,"Missing/invalid value for fill: {'tool': 'fill', 'key': 'age', 'value': ''}",6,Client error '400 Bad Request' for url 'http://127.0.0.1:1234/v1/chat/completions' For more information check: https://developer.mozilla.org/en-US/docs/Web/HTTP/Status/400,0,
unconstrained,run_66,2c626677aa4ae5d51b0f7d5d5f32464d,4,0,4,0,0,answer_value_constraints,answer,False,2,"Missing/invalid value for fill: {'tool': 'fill', 'key': 'age', 'value': ''}",1,2,4,4,2,True,2,1,2,2,1,True,0,,0,,0,,1,"Check value must match ACTION_SPACE option label/value: {'tool': 'check', 'key': 'trust_coverage', 'value': ''}",3,"Missing/invalid value for fill: {'tool': 'fill', 'key': 'age', 'value': ''}",0,,0,
unconstrained,run_67,a8ece8ace0026ef91f411e757d12d7fe,5,0,5,0,0,answer_value_constraints,answer,False,2,"Missing/invalid value for fill: {'tool': 'fill', 'key': 'age', 'value': ''}",2,2,5,5,2,True,2,1,2,2,1,True,0,,0,,0,,1,"Check value must match ACTION_SPACE option label/value: {'tool': 'check', 'key': 'trust_coverage', 'value': ''}",4,"Missing/invalid value for fill: {'tool': 'fill', 'key': 'age', 'value': ''}",0,,0,
unconstrained,run_68,668c30e0e8f76658da49dbfcd1b04042,3,0,3,0,0,answer_value_constraints,answer,False,1,"Check value must match ACTION_SPACE option label/value: {'tool': 'check', 'key': 'trust_coverage', 'value': ''}",3,1,3,3,1,True,2,1,2,2,1,True,0,,0,,0,,1,"Check value must match ACTION_SPACE option label/value: {'tool': 'check', 'key': 'trust_coverage', 'value': ''}",2,"Missing/invalid value for fill: {'tool': 'fill', 'key': 'age', 'value': ''}",0,,0,
unconstrained,run_69,a4c651d3da1bb02e8065282452208481,15,6,3,6,0,infra_or_transport,planning,True,5,"Missing/invalid value for fill: {'tool': 'fill', 'key': 'age', 'value': ''}",,,,15,5,False,,,,0,0,False,6,"LLM did not return JSON array. Raw: Here is the JSON array of action intents:  ``` [   {""tool"": ""check"", ""key"": ""trust_coverage"", ""value"": ""Strongly disagree""},   {""tool"": ""check"", ""key"": ""mood_impact"", ""value"": ""Disagre",0,,0,,1,"Check value must match ACTION_SPACE option label/value: {'tool': 'check', 'key': 'trust_coverage', 'value': ''}",2,"Missing/invalid value for fill: {'tool': 'fill', 'key': 'age', 'value': ''}",6,Client error '400 Bad Request' for url 'http://127.0.0.1:1234/v1/chat/completions' For more information check: https://developer.mozilla.org/en-US/docs/Web/HTTP/Status/400,0,
unconstrained,run_70,f10357dfb61ab6994d8df0351c0b4836,6,0,6,0,0,answer_value_constraints,answer,False,2,"Check value must match ACTION_SPACE option label/value: {'tool': 'check', 'key': 'trust_coverage', 'value': ''}",3,2,6,6,2,True,2,1,2,2,1,True,0,,0,,0,,2,"Check value must match ACTION_SPACE option label/value: {'tool': 'check', 'key': 'trust_coverage', 'value': ''}",4,"Missing/invalid value for fill: {'tool': 'fill', 'key': 'age', 'value': ''}",0,,0,
unconstrained,run_71,e6b756fd650391677707594e2ff2dec7,15,3,10,2,0,answer_value_constraints,answer,True,5,"Missing/invalid value for fill: {'tool': 'fill', 'key': 'age', 'value': ''}",,,,15,5,False,,,,0,0,False,3,"LLM did not return JSON array. Raw: Here is the JSON array of action intents:  ``` [     {""tool"": ""check"", ""key"": ""trust_coverage"", ""value"": ""Strongly disagree""},     {""tool"": ""check"", ""key"": ""mood_impact"", ""value"": ""Str",0,,0,,3,"Select value must match ACTION_SPACE option: {'tool': 'select', 'key': 'follow_by_age', 'value': ''}",7,"Missing/invalid value for fill: {'tool': 'fill', 'key': 'age', 'value': ''}",2,Client error '400 Bad Request' for url 'http://127.0.0.1:1234/v1/chat/completions' For more information check: https://developer.mozilla.org/en-US/docs/Web/HTTP/Status/400,0,
unconstrained,run_72,e9802a831ca48eb03724e9faf03a6811,15,5,6,4,0,answer_value_constraints,answer,True,5,"Missing/invalid value for fill: {'tool': 'fill', 'key': 'age', 'value': ''}",,,,15,5,False,,,,0,0,False,5,"LLM did not return JSON array. Raw: Here is the JSON array of action intents:  ``` [   {""tool"": ""fill"", ""key"": ""age"", ""value"": ""<number>""},    {""tool"": ""select"", ""key"": ""follow_by_age"", ""value"": """"},    {""tool"": ""select""",0,,0,,1,"Check value must match ACTION_SPACE option label/value: {'tool': 'check', 'key': 'trust_coverage', 'value': ''}",5,"Missing/invalid value for fill: {'tool': 'fill', 'key': 'age', 'value': ''}",4,Client error '400 Bad Request' for url 'http://127.0.0.1:1234/v1/chat/completions' For more information check: https://developer.mozilla.org/en-US/docs/Web/HTTP/Status/400,0,
unconstrained,run_73,dafae0cb16338841903e1be1dfd34c87,9,0,9,0,0,answer_value_constraints,answer,False,3,"Check value must match ACTION_SPACE option label/value: {'tool': 'check', 'key': 'trust_coverage', 'value': ''}",3,3,9,9,3,True,2,1,2,2,1,True,0,,0,,0,,3,"Check value must match ACTION_SPACE option label/value: {'tool': 'check', 'key': 'trust_coverage', 'value': ''}",6,"Missing/invalid value for fill: {'tool': 'fill', 'key': 'age', 'value': ''}",0,,0,
unconstrained,run_74,a32fc9519b218859429cd2b4f107a17d,7,0,7,0,0,answer_value_constraints,answer,False,3,"Missing/invalid value for fill: {'tool': 'fill', 'key': 'age', 'value': ''}",1,3,7,7,3,True,2,1,2,2,1,True,0,,0,,0,,2,"Check value must match ACTION_SPACE option label/value: {'tool': 'check', 'key': 'trust_coverage', 'value': ''}",5,"Missing/invalid value for fill: {'tool': 'fill', 'key': 'age', 'value': ''}",0,,0,
unconstrained,run_75,70f85cfaaa94eec9ce4d5e5ec11671aa,15,0,15,0,0,answer_value_constraints,answer,False,5,"Missing/invalid value for fill: {'tool': 'fill', 'key': 'age', 'value': ''}",3,5,15,15,5,True,2,1,2,2,1,True,0,,0,,0,,5,"Check value must match ACTION_SPACE option label/value: {'tool': 'check', 'key': 'trust_coverage', 'value': ''}",10,"Missing/invalid value for fill: {'tool': 'fill', 'key': 'age', 'value': ''}",0,,0,
unconstrained,run_76,ca2d09f31143375d25212a24a5665fae,12,0,12,0,0,answer_value_constraints,answer,False,4,"Missing/invalid value for fill: {'tool': 'fill', 'key': 'age', 'value': ''}",3,4,12,12,4,True,2,1,2,2,1,True,0,,0,,0,,3,"Check value must match ACTION_SPACE option label/value: {'tool': 'check', 'key': 'trust_coverage', 'value': ''}",9,"Missing/invalid value for fill: {'tool': 'fill', 'key': 'age', 'value': ''}",0,,0,
unconstrained,run_77,38b594057311942c507ef15a32f69ba9,15,4,8,3,0,answer_value_constraints,answer,True,5,"Check value must match ACTION_SPACE option label/value: {'tool': 'check', 'key': 'trust_coverage', 'value': ''}",,,,15,5,False,,,,0,0,False,4,"LLM did not return JSON array. Raw: Here is the JSON array of action intents:  ``` [   {""tool"": ""fill"", ""key"": ""age"", ""value"": ""<number>""},    {""tool"": ""select"", ""key"": ""follow_by_age"", ""value"": """"},    {""tool"": ""select""",0,,0,,4,"Check value must match ACTION_SPACE option label/value: {'tool': 'check', 'key': 'trust_coverage', 'value': ''}",4,"Missing/invalid value for fill: {'tool': 'fill', 'key': 'age', 'value': ''}",3,Client error '400 Bad Request' for url 'http://127.0.0.1:1234/v1/chat/completions' For more information check: https://developer.mozilla.org/en-US/docs/Web/HTTP/Status/400,0,
unconstrained,run_78,ed6ef0bd81706e039e03f99b1c44acfc,11,3,6,2,0,answer_value_constraints,answer,False,4,"Missing/invalid value for fill: {'tool': 'fill', 'key': 'age', 'value': ''}",1,4,10,10,4,True,2,1,2,2,1,True,2,"LLM did not return JSON array. Raw: Here is the JSON array of action intents:  ``` [     {""tool"": ""check"", ""key"": ""trust_coverage"", ""value"": ""Strongly disagree""},     {""tool"": ""check"", ""key"": ""mood_impact"", ""value"": ""Str",0,,1,"Key not in ACTION_SPACE: {'tool': 'fill', 'key': 'field1', 'value': ''}",1,"Check value must match ACTION_SPACE option label/value: {'tool': 'check', 'key': 'trust_coverage', 'value': ''}",5,"Missing/invalid value for fill: {'tool': 'fill', 'key': 'age', 'value': ''}",2,Client error '400 Bad Request' for url 'http://127.0.0.1:1234/v1/chat/completions' For more information check: https://developer.mozilla.org/en-US/docs/Web/HTTP/Status/400,0,
unconstrained,run_79,a2b802765405c7eb89f41d7510664e49,12,0,12,0,0,answer_value_constraints,answer,False,4,"Missing/invalid value for fill: {'tool': 'fill', 'key': 'age', 'value': ''}",3,4,12,12,4,True,2,1,2,2,1,True,0,,0,,0,,2,"Check value must match ACTION_SPACE option label/value: {'tool': 'check', 'key': 'trust_coverage', 'value': ''}",10,"Missing/invalid value for fill: {'tool': 'fill', 'key': 'age', 'value': ''}",0,,0,
unconstrained,run_80,6bdde58e9a4cadac345234819439b25f,15,3,10,2,0,answer_value_constraints,answer,True,5,"Missing/invalid value for fill: {'tool': 'fill', 'key': 'age', 'value': ''}",,,,15,5,False,,,,0,0,False,3,"LLM did not return JSON array. Raw: Here are the action intents in JSON format:  ``` [     {""tool"": ""check"", ""key"": ""trust_coverage"", ""value"": ""Strongly disagree""},     {""tool"": ""check"", ""key"": ""mood_impact"", ""value"": ""S",0,,0,,4,"Check value must match ACTION_SPACE option label/value: {'tool': 'check', 'key': 'trust_coverage', 'value': ''}",6,"Missing/invalid value for fill: {'tool': 'fill', 'key': 'age', 'value': ''}",2,Client error '400 Bad Request' for url 'http://127.0.0.1:1234/v1/chat/completions' For more information check: https://developer.mozilla.org/en-US/docs/Web/HTTP/Status/400,0,
unconstrained,run_81,928cbc2bf8e21c79bcb2910d125f8ff7,15,6,4,5,0,planning_format,planning,True,5,"Missing/invalid value for fill: {'tool': 'fill', 'key': 'age', 'value': ''}",,,,15,5,False,,,,0,0,False,6,"LLM did not return JSON array. Raw: Here is the JSON array of action intents:  ``` [   {""tool"": ""fill"", ""key"": ""age"", ""value"": ""<number>""},   {""tool"": ""select"", ""key"": ""follow_by_age"", ""value"": ""very_closely""},   {""tool""",0,,0,,2,"Check value must match ACTION_SPACE option label/value: {'tool': 'check', 'key': 'trust_coverage', 'value': ''}",2,"Missing/invalid value for fill: {'tool': 'fill', 'key': 'age', 'value': ''}",5,Client error '400 Bad Request' for url 'http://127.0.0.1:1234/v1/chat/completions' For more information check: https://developer.mozilla.org/en-US/docs/Web/HTTP/Status/400,0,
unconstrained,run_82,5de81deed8e88732e2f81ed47cbec352,8,0,8,0,0,answer_value_constraints,answer,False,3,"Missing/invalid value for fill: {'tool': 'fill', 'key': 'age', 'value': ''}",1,3,7,7,3,True,3,1,3,3,1,True,0,,0,,0,,1,"Check value must match ACTION_SPACE option label/value: {'tool': 'check', 'key': 'trust_coverage', 'value': ''}",7,"Missing/invalid value for fill: {'tool': 'fill', 'key': 'age', 'value': ''}",0,,0,
unconstrained,run_83,599275f6e85f25915c47ea5a427befc4,5,0,5,0,0,answer_value_constraints,answer,False,2,"Missing/invalid value for fill: {'tool': 'fill', 'key': 'age', 'value': ''}",2,2,5,5,2,True,2,1,2,2,1,True,0,,0,,0,,1,"Check value must match ACTION_SPACE option label/value: {'tool': 'check', 'key': 'trust_coverage', 'value': ''}",4,"Missing/invalid value for fill: {'tool': 'fill', 'key': 'age', 'value': ''}",0,,0,
unconstrained,run_84,fda2397c431779b9c757bf2976305d85,6,1,5,0,0,answer_value_constraints,answer,False,2,"Missing/invalid value for fill: {'tool': 'fill', 'key': 'age', 'value': ''}",3,2,6,6,2,True,2,1,2,2,1,True,1,"LLM did not return JSON array. Raw: Here is the JSON array of action intents:  ``` [     {""tool"": ""check"", ""key"": ""trust_coverage"", ""value"": ""Strongly disagree""},     {""tool"": ""check"", ""key"": ""mood_impact"", ""value"": ""Dis",0,,0,,1,"Check value must match ACTION_SPACE option label/value: {'tool': 'check', 'key': 'trust_coverage', 'value': ''}",4,"Missing/invalid value for fill: {'tool': 'fill', 'key': 'age', 'value': ''}",0,,0,
unconstrained,run_85,130c6ae71f389dc7b36f37293888787c,3,0,3,0,0,answer_value_constraints,answer,False,1,"Missing/invalid value for fill: {'tool': 'fill', 'key': 'age', 'value': ''}",3,1,3,3,1,True,2,1,2,2,1,True,0,,0,,0,,0,,3,"Missing/invalid value for fill: {'tool': 'fill', 'key': 'age', 'value': ''}",0,,0,
unconstrained,run_86,2607e17df41b6000adad1cc7c43fe747,12,2,8,2,0,answer_value_constraints,answer,False,4,"Missing/invalid value for fill: {'tool': 'fill', 'key': 'age', 'value': ''}",3,4,12,12,4,True,2,1,2,2,1,True,2,"LLM did not return JSON array. Raw: Here is the JSON array of action intents:  ``` [     {""tool"": ""check"", ""key"": ""trust_coverage"", ""value"": ""Strongly disagree""},     {""tool"": ""check"", ""key"": ""mood_impact"", ""value"": ""Str",0,,0,,1,"Check value must match ACTION_SPACE option label/value: {'tool': 'check', 'key': 'trust_coverage', 'value': ''}",7,"Missing/invalid value for fill: {'tool': 'fill', 'key': 'age', 'value': ''}",2,Client error '400 Bad Request' for url 'http://127.0.0.1:1234/v1/chat/completions' For more information check: https://developer.mozilla.org/en-US/docs/Web/HTTP/Status/400,0,
unconstrained,run_87,0c3b71c224367a5c17e4bc8f564cadd4,8,2,4,2,0,answer_value_constraints,answer,False,3,"Missing/invalid value for fill: {'tool': 'fill', 'key': 'age', 'value': ''}",1,3,7,7,3,True,3,1,3,3,1,True,2,"LLM did not return JSON array. Raw: Here is the JSON array of action intents:  ``` [   {""tool"": ""check"", ""key"": ""trust_coverage"", ""value"": ""Strongly disagree""},   {""tool"": ""check"", ""key"": ""mood_impact"", ""value"": ""Disagre",0,,0,,0,,4,"Missing/invalid value for fill: {'tool': 'fill', 'key': 'age', 'value': ''}",2,Client error '400 Bad Request' for url 'http://127.0.0.1:1234/v1/chat/completions' For more information check: https://developer.mozilla.org/en-US/docs/Web/HTTP/Status/400,0,
unconstrained,run_88,d72a20b1c94e22b3b181ede060bcec17,15,0,15,0,0,answer_value_constraints,answer,True,5,"Missing/invalid value for fill: {'tool': 'fill', 'key': 'age', 'value': ''}",,,,15,5,False,,,,0,0,False,0,,0,,0,,5,"Check value must match ACTION_SPACE option label/value: {'tool': 'check', 'key': 'trust_coverage', 'value': ''}",10,"Missing/invalid value for fill: {'tool': 'fill', 'key': 'age', 'value': ''}",0,,0,
unconstrained,run_89,cf7f6c7f5429309e07a8f5133a95eba0,8,0,8,0,0,answer_value_constraints,answer,False,3,"Missing/invalid value for fill: {'tool': 'fill', 'key': 'age', 'value': ''}",1,3,7,7,3,True,3,1,3,3,1,True,0,,0,,0,,2,"Check value must match ACTION_SPACE option label/value: {'tool': 'check', 'key': 'trust_coverage', 'value': ''}",6,"Missing/invalid value for fill: {'tool': 'fill', 'key': 'age', 'value': ''}",0,,0,
unconstrained,run_90,b0676ec52f80078b37a4c99ddff6e4e5,15,3,12,0,0,answer_value_constraints,answer,False,5,"Missing/invalid value for fill: {'tool': 'fill', 'key': 'age', 'value': ''}",3,2,6,16,6,True,2,1,2,2,1,True,3,"LLM did not return JSON array. Raw: Here is the JSON array of action intents:  ``` [   {""tool"": ""fill"", ""key"": ""age"", ""value"": """"}, // missing/invalid value for fill   {""tool"": ""check"", ""key"": ""trust_coverage"", ""value"": ",0,,0,,2,"Check value must match ACTION_SPACE option label/value: {'tool': 'check', 'key': 'trust_coverage', 'value': ''}",10,"Missing/invalid value for fill: {'tool': 'fill', 'key': 'age', 'value': ''}",0,,0,
unconstrained,run_91,763a7904b48834ee56553af71b91e551,14,2,10,2,0,answer_value_constraints,answer,False,5,"Missing/invalid value for fill: {'tool': 'fill', 'key': 'age', 'value': ''}",2,5,14,14,5,True,2,1,2,2,1,True,2,"LLM did not return JSON array. Raw: Here is the JSON array of action intents:  ``` [   {""tool"": ""check"", ""key"": ""trust_coverage"", ""value"": ""Strongly disagree""},   {""tool"": ""check"", ""key"": ""mood_impact"", ""value"": ""Disagre",0,,0,,3,"Check value must match ACTION_SPACE option label/value: {'tool': 'check', 'key': 'trust_coverage', 'value': ''}",7,"Missing/invalid value for fill: {'tool': 'fill', 'key': 'age', 'value': ''}",2,Client error '400 Bad Request' for url 'http://127.0.0.1:1234/v1/chat/completions' For more information check: https://developer.mozilla.org/en-US/docs/Web/HTTP/Status/400,0,
unconstrained,run_92,789bcc1925233888c9be9fb93b146579,15,3,11,1,0,answer_value_constraints,answer,True,5,"Missing/invalid value for fill: {'tool': 'fill', 'key': 'age', 'value': ''}",,,,15,5,False,,,,0,0,False,3,"LLM did not return JSON array. Raw: Here is the JSON array of action intents:  ``` [   {""tool"": ""check"", ""key"": ""trust_coverage"", ""value"": """"},   {""tool"": ""check"", ""key"": ""mood_impact"", ""value"": """"},   {""tool"": ""fill"", """,0,,0,,3,"Check value must match ACTION_SPACE option label/value: {'tool': 'check', 'key': 'trust_coverage', 'value': ''}",8,"Missing/invalid value for fill: {'tool': 'fill', 'key': 'age', 'value': ''}",1,Client error '400 Bad Request' for url 'http://127.0.0.1:1234/v1/chat/completions' For more information check: https://developer.mozilla.org/en-US/docs/Web/HTTP/Status/400,0,
unconstrained,run_93,52112ca324d0a59d33a64a50aa727159,8,0,8,0,0,answer_value_constraints,answer,False,3,"Missing/invalid value for fill: {'tool': 'fill', 'key': 'age', 'value': ''}",2,3,8,8,3,True,2,1,2,2,1,True,0,,0,,0,,2,"Select value must match ACTION_SPACE option: {'tool': 'select', 'key': 'follow_by_age', 'value': ''}",6,"Missing/invalid value for fill: {'tool': 'fill', 'key': 'age', 'value': ''}",0,,0,
unconstrained,run_94,58e3b6a372f1ea9416d30d35d34e3fed,4,0,4,0,0,answer_value_constraints,answer,False,2,"Missing/invalid value for fill: {'tool': 'fill', 'key': 'age', 'value': ''}",1,2,4,4,2,True,2,1,2,2,1,True,0,,0,,0,,1,"Check value must match ACTION_SPACE option label/value: {'tool': 'check', 'key': 'trust_coverage', 'value': ''}",3,"Missing/invalid value for fill: {'tool': 'fill', 'key': 'age', 'value': ''}",0,,0,
unconstrained,run_95,b64bb47037321e45de1e24a503f5fdfe,15,3,10,2,0,answer_value_constraints,answer,True,5,"Missing/invalid value for fill: {'tool': 'fill', 'key': 'age', 'value': ''}",,,,15,5,False,,,,0,0,False,3,"LLM did not return JSON array. Raw: Here is the JSON array of action intents:  ``` [     {""tool"": ""check"", ""key"": ""trust_coverage"", ""value"": ""Strongly disagree""},     {""tool"": ""check"", ""key"": ""mood_impact"", ""value"": ""Str",0,,0,,3,"Check value must match ACTION_SPACE option label/value: {'tool': 'check', 'key': 'trust_coverage', 'value': ''}",7,"Missing/invalid value for fill: {'tool': 'fill', 'key': 'age', 'value': ''}",2,Client error '400 Bad Request' for url 'http://127.0.0.1:1234/v1/chat/completions' For more information check: https://developer.mozilla.org/en-US/docs/Web/HTTP/Status/400,0,
unconstrained,run_96,f5b270f666a0675100195f6ac0505301,11,0,11,0,0,answer_value_constraints,answer,False,4,"Check value must match ACTION_SPACE option label/value: {'tool': 'check', 'key': 'trust_coverage', 'value': ''}",2,4,11,11,4,True,2,1,2,2,1,True,0,,0,,0,,4,"Check value must match ACTION_SPACE option label/value: {'tool': 'check', 'key': 'trust_coverage', 'value': ''}",7,"Missing/invalid value for fill: {'tool': 'fill', 'key': 'age', 'value': ''}",0,,0,
unconstrained,run_97,78b09b25a5b9375bb78c885749105a6f,15,0,15,0,0,answer_value_constraints,answer,True,5,"Missing/invalid value for fill: {'tool': 'fill', 'key': 'age', 'value': ''}",,,,15,5,False,,,,0,0,False,0,,0,,0,,5,"Check value must match ACTION_SPACE option label/value: {'tool': 'check', 'key': 'trust_coverage', 'value': ''}",10,"Missing/invalid value for fill: {'tool': 'fill', 'key': 'age', 'value': ''}",0,,0,
unconstrained,run_98,c7baeaec08ba2d343336b525dfd24afa,5,0,5,0,0,answer_value_constraints,answer,False,2,"Missing/invalid value for fill: {'tool': 'fill', 'key': 'age', 'value': ''}",2,2,5,5,2,True,2,1,2,2,1,True,0,,0,,0,,1,"Check value must match ACTION_SPACE option label/value: {'tool': 'check', 'key': 'trust_coverage', 'value': ''}",4,"Missing/invalid value for fill: {'tool': 'fill', 'key': 'age', 'value': ''}",0,,0,
unconstrained,run_99,202b46e33a41f8253c91e8aa0f27a8d7,7,0,7,0,0,answer_value_constraints,answer,False,3,"Missing/invalid value for fill: {'tool': 'fill', 'key': 'age', 'value': ''}",1,3,7,7,3,True,2,1,2,2,1,True,0,,0,,0,,2,"Check value must match ACTION_SPACE option label/value: {'tool': 'check', 'key': 'trust_coverage', 'value': ''}",5,"Missing/invalid value for fill: {'tool': 'fill', 'key': 'age', 'value': ''}",0,,0,
unconstrained,run_100,e875a0013b2b8716817b3d46e74a34c1,10,2,6,2,0,answer_value_constraints,answer,False,4,"Missing/invalid value for fill: {'tool': 'fill', 'key': 'age', 'value': ''}",1,4,10,10,4,True,2,1,2,2,1,True,2,"LLM did not return JSON array. Raw: Here is the JSON array of action intents:  ``` [     {""tool"": ""check"", ""key"": ""trust_coverage"", ""value"": ""Strongly disagree""},     {""tool"": ""check"", ""key"": ""mood_impact"", ""value"": ""Str",0,,0,,2,"Select value must match ACTION_SPACE option: {'tool': 'select', 'key': 'follow_by_age', 'value': ''}",4,"Missing/invalid value for fill: {'tool': 'fill', 'key': 'age', 'value': ''}",2,Client error '400 Bad Request' for url 'http://127.0.0.1:1234/v1/chat/completions' For more information check: https://developer.mozilla.org/en-US/docs/Web/HTTP/Status/400,0,
